USE
master;
GO

DROP
DATABASE IF EXISTS CollegeBackend;
GO

CREATE
DATABASE CollegeBackend;
GO

USE CollegeBackend;
GO

CREATE TABLE [active]
(
    [active_id]
     int
     NOT
     NULL
     IDENTITY
(
     1,
     1
),
    [station_id]           int      NOT NULL,
    [start_date_time]      datetime NOT NULL,
    [main_direction_id]    int      NOT NULL,
    [train_id]             int      NOT NULL,
    [main_start_date_time] datetime NOT NULL,
    CONSTRAINT [_copy_2] PRIMARY KEY CLUSTERED
(
[active_id]
)
    WITH (PAD_INDEX = OFF, STATISTICS_NORECOMPUTE = OFF, IGNORE_DUP_KEY = OFF, ALLOW_ROW_LOCKS = ON, ALLOW_PAGE_LOCKS = ON)
    )
    GO

CREATE TABLE [carriages]
(
    [carriage_id]
     int
     NOT
     NULL
     IDENTITY
(
     1,
     1
),
    [index]            char(3) NOT NULL,
    [related_train_id] int     NOT NULL,
    CONSTRAINT [_copy_5] PRIMARY KEY CLUSTERED
(
[carriage_id]
)
    WITH (PAD_INDEX = OFF, STATISTICS_NORECOMPUTE = OFF, IGNORE_DUP_KEY = OFF, ALLOW_ROW_LOCKS = ON, ALLOW_PAGE_LOCKS = ON)
    )
    GO

CREATE TABLE [directions]
(
    [direction_id]
     int
     NOT
     NULL
     IDENTITY
(
     1,
     1
),
    [name]             nvarchar(255) NOT NULL,
    [start_station_id] int           NOT NULL,
    [end_station_id]   int           NOT NULL,
    CONSTRAINT [_copy_1] PRIMARY KEY CLUSTERED
(
[direction_id]
)
    WITH (PAD_INDEX = OFF, STATISTICS_NORECOMPUTE = OFF, IGNORE_DUP_KEY = OFF, ALLOW_ROW_LOCKS = ON, ALLOW_PAGE_LOCKS = ON)
    )
    GO

CREATE TABLE [sitting]
(
    [sit_id]
     int
     NOT
     NULL
     IDENTITY
(
     1,
     1
),
    [index]               char(3)      NOT NULL,
    [related_carriage_id] int          NOT NULL,
    [sit_type]            nvarchar(10) NOT NULL DEFAULT N'Плацкарт',
    [price]               int          NOT NULL DEFAULT 5000,
    CONSTRAINT [_copy_6] PRIMARY KEY CLUSTERED
(
[sit_id]
)
    WITH (PAD_INDEX = OFF, STATISTICS_NORECOMPUTE = OFF, IGNORE_DUP_KEY = OFF, ALLOW_ROW_LOCKS = ON, ALLOW_PAGE_LOCKS = ON)
    )
    GO

CREATE TABLE [stations]
(
    [station_id]
     int
     NOT
     NULL
     IDENTITY
(
     1,
     1
),
    [related_direction] int           NOT NULL,
    [name]              nvarchar(255) NOT NULL,
    CONSTRAINT [_copy_4] PRIMARY KEY CLUSTERED
(
[station_id]
)
    WITH (PAD_INDEX = OFF, STATISTICS_NORECOMPUTE = OFF, IGNORE_DUP_KEY = OFF, ALLOW_ROW_LOCKS = ON, ALLOW_PAGE_LOCKS = ON)
    )
    GO

CREATE TABLE [tickets]
(
    [ticket_id]
     int
     NOT
     NULL
     IDENTITY
(
     1,
     1
),
    [related_direction_id] int  NOT NULL,
    [related_active_id]    int  NOT NULL,
    [start_date]           date NOT NULL,
    [passport_id]          int  NULL,
    [end_station_id]       int  NOT NULL,
    [sitting_id]           int  NOT NULL,
    CONSTRAINT [_copy_3]
    PRIMARY KEY CLUSTERED
(
[ticket_id]
)
    WITH (PAD_INDEX = OFF, STATISTICS_NORECOMPUTE = OFF, IGNORE_DUP_KEY = OFF, ALLOW_ROW_LOCKS = ON, ALLOW_PAGE_LOCKS = ON)
    )
    GO

CREATE TABLE [trains]
(
    [train_id]
     int
     NOT
     NULL
     IDENTITY
(
     1,
     1
),
    [name] nvarchar(255) NOT NULL,
    CONSTRAINT [_copy_7] PRIMARY KEY CLUSTERED
(
[train_id]
)
    WITH (PAD_INDEX = OFF, STATISTICS_NORECOMPUTE = OFF, IGNORE_DUP_KEY = OFF, ALLOW_ROW_LOCKS = ON, ALLOW_PAGE_LOCKS = ON)
    )
    GO

CREATE TABLE [users]
(
    [passport_id]
     int
     NOT
     NULL,
    [first_name]
     nvarchar(255) NOT NULL,
    [second_name] nvarchar(255) NOT NULL,
    [patronymic]  nvarchar(255) NOT NULL,
    [role]        nvarchar(255) NOT NULL,
    [username]    nvarchar(max) NOT NULL,
    [password]    nvarchar(max) NOT NULL,
    PRIMARY KEY CLUSTERED
(
[passport_id]
)
    WITH (PAD_INDEX = OFF, STATISTICS_NORECOMPUTE = OFF, IGNORE_DUP_KEY = OFF, ALLOW_ROW_LOCKS = ON, ALLOW_PAGE_LOCKS = ON)
    )
    GO

ALTER TABLE [active]
    ADD CONSTRAINT [fk_active_stations_1] FOREIGN KEY ([station_id]) REFERENCES [stations] ([station_id])
    GO
ALTER TABLE [active]
    ADD CONSTRAINT [fk_active_directions_1] FOREIGN KEY ([main_direction_id]) REFERENCES [directions] ([direction_id])
    GO
ALTER TABLE [active]
    ADD CONSTRAINT [fk_active_trains_1] FOREIGN KEY ([train_id]) REFERENCES [trains] ([train_id])
    GO
ALTER TABLE [carriages]
    ADD CONSTRAINT [fk_carriages_trains_1] FOREIGN KEY ([related_train_id]) REFERENCES [trains] ([train_id])
    GO
ALTER TABLE [sitting]
    ADD CONSTRAINT [fk_sitting_carriages_1] FOREIGN KEY ([related_carriage_id]) REFERENCES [carriages] ([carriage_id])
    GO
ALTER TABLE [tickets]
    ADD CONSTRAINT [fk_sitting_tickets_1] FOREIGN KEY ([sitting_id]) REFERENCES [sitting] ([sit_id])
    GO
ALTER TABLE [stations]
    ADD CONSTRAINT [fk_stations_directions_1] FOREIGN KEY ([related_direction]) REFERENCES [directions] ([direction_id])
    GO
ALTER TABLE [tickets]
    ADD CONSTRAINT [fk_tickets_directions_1] FOREIGN KEY ([related_direction_id]) REFERENCES [directions] ([direction_id])
    GO
ALTER TABLE [tickets]
    ADD CONSTRAINT [fk_tickets_active_1] FOREIGN KEY ([related_active_id]) REFERENCES [active] ([active_id])
    GO
ALTER TABLE [tickets]
    ADD CONSTRAINT [fk_tickets_stations_1] FOREIGN KEY ([end_station_id]) REFERENCES [stations] ([station_id])
    GO
ALTER TABLE [tickets]
    ADD CONSTRAINT [fk_users_tickets_1] FOREIGN KEY ([passport_id]) REFERENCES [users] ([passport_id])
    GO

    INSERT INTO trains (name)
    VALUES (N'Ингушетия'),
    (N'Италмас'),
    (N'Пассажирский'),
    (N'Красная стрела'),
    (N'Скорый');

INSERT INTO carriages ([index], related_train_id)
VALUES ('A1', 1),
       ('A2', 1),
       ('A3', 1),
       ('A4', 1),
       ('A5', 1),
       ('A6', 1),
       ('A7', 1),
       ('A8', 1),
       ('A9', 1),
       ('A10', 1),
       ('A11', 1),
       ('A12', 1),
       ('A13', 1),
       ('A14', 1),
       ('A15', 1),
       ('A16', 1),
       ('A17', 1),
       ('A18', 1),
       ('A19', 1),
       ('A20', 1),
       ('A1', 2),
       ('A2', 2),
       ('A3', 2),
       ('A4', 2),
       ('A5', 2),
       ('A6', 2),
       ('A7', 2),
       ('A8', 2),
       ('A9', 2),
       ('A10', 2),
       ('A11', 2),
       ('A12', 2),
       ('A13', 2),
       ('A14', 2),
       ('A15', 2),
       ('A16', 2),
       ('A17', 2),
       ('A18', 2),
       ('A19', 2),
       ('A20', 2),
       ('A1', 3),
       ('A2', 3),
       ('A3', 3),
       ('A4', 3),
       ('A5', 3),
       ('A6', 3),
       ('A7', 3),
       ('A8', 3),
       ('A9', 3),
       ('A10', 3),
       ('A11', 3),
       ('A12', 3),
       ('A13', 3),
       ('A14', 3),
       ('A15', 3),
       ('A16', 3),
       ('A17', 3),
       ('A18', 3),
       ('A19', 3),
       ('A20', 3),
       ('A1', 4),
       ('A2', 4),
       ('A3', 4),
       ('A4', 4),
       ('A5', 4),
       ('A6', 4),
       ('A7', 4),
       ('A8', 4),
       ('A9', 4),
       ('A10', 4),
       ('A11', 4),
       ('A12', 4),
       ('A13', 4),
       ('A14', 4),
       ('A15', 4),
       ('A16', 4),
       ('A17', 4),
       ('A18', 4),
       ('A19', 4),
       ('A20', 4),
       ('A1', 5),
       ('A2', 5),
       ('A3', 5),
       ('A4', 5),
       ('A5', 5),
       ('A6', 5),
       ('A7', 5),
       ('A8', 5),
       ('A9', 5),
       ('A10', 5),
       ('A11', 5),
       ('A12', 5),
       ('A13', 5),
       ('A14', 5),
       ('A15', 5),
       ('A16', 5),
       ('A17', 5),
       ('A18', 5),
       ('A19', 5),
       ('A20', 5);

INSERT INTO sitting ([index], related_carriage_id, sit_type, price)
VALUES ('A1', 1, N'Купе', 4000),
       ('A2', 1, N'Купе', 3000),
       ('B3', 1, N'Купе', 4000),
       ('A4', 1, N'Купе', 2000),
       ('B5', 1, N'Плацкат', 4000),
       ('A6', 1, N'Плацкат', 3000),
       ('C7', 1, N'Плацкат', 4000),
       ('C8', 1, N'Плацкат', 4000),
       ('B9', 1, N'Купе', 1000),
       ('A10', 1, N'Купе', 4000),
       ('A1', 2, N'Купе', 4000),
       ('C2', 2, N'Плацкат', 3000),
       ('C3', 2, N'Купе', 3000),
       ('B4', 2, N'Плацкат', 1000),
       ('A5', 2, N'Плацкат', 2000),
       ('A6', 2, N'Плацкат', 2000),
       ('A7', 2, N'Купе', 2000),
       ('B8', 2, N'Плацкат', 1000),
       ('C9', 2, N'Плацкат', 4000),
       ('C10', 2, N'Плацкат', 1000),
       ('C1', 3, N'Плацкат', 3000),
       ('C2', 3, N'Плацкат', 2000),
       ('A3', 3, N'Плацкат', 4000),
       ('B4', 3, N'Купе', 2000),
       ('C5', 3, N'Купе', 4000),
       ('B6', 3, N'Купе', 2000),
       ('B7', 3, N'Купе', 2000),
       ('C8', 3, N'Купе', 1000),
       ('C9', 3, N'Купе', 3000),
       ('A10', 3, N'Купе', 4000),
       ('C1', 4, N'Купе', 4000),
       ('A2', 4, N'Купе', 2000),
       ('A3', 4, N'Плацкат', 1000),
       ('C4', 4, N'Плацкат', 3000),
       ('A5', 4, N'Купе', 1000),
       ('B6', 4, N'Плацкат', 4000),
       ('C7', 4, N'Плацкат', 4000),
       ('B8', 4, N'Купе', 3000),
       ('A9', 4, N'Купе', 1000),
       ('A10', 4, N'Плацкат', 4000),
       ('A1', 5, N'Купе', 2000),
       ('A2', 5, N'Купе', 3000),
       ('B3', 5, N'Купе', 2000),
       ('A4', 5, N'Плацкат', 1000),
       ('B5', 5, N'Купе', 4000),
       ('C6', 5, N'Плацкат', 4000),
       ('C7', 5, N'Плацкат', 2000),
       ('B8', 5, N'Купе', 4000),
       ('A9', 5, N'Купе', 2000),
       ('A10', 5, N'Купе', 4000),
       ('B1', 6, N'Плацкат', 3000),
       ('C2', 6, N'Плацкат', 2000),
       ('B3', 6, N'Купе', 2000),
       ('C4', 6, N'Купе', 2000),
       ('A5', 6, N'Купе', 4000),
       ('B6', 6, N'Купе', 4000),
       ('A7', 6, N'Купе', 3000),
       ('A8', 6, N'Купе', 1000),
       ('C9', 6, N'Купе', 1000),
       ('A10', 6, N'Купе', 1000),
       ('A1', 7, N'Плацкат', 2000),
       ('A2', 7, N'Купе', 2000),
       ('B3', 7, N'Плацкат', 3000),
       ('A4', 7, N'Купе', 4000),
       ('A5', 7, N'Плацкат', 3000),
       ('A6', 7, N'Купе', 4000),
       ('A7', 7, N'Плацкат', 2000),
       ('C8', 7, N'Купе', 1000),
       ('C9', 7, N'Плацкат', 2000),
       ('A10', 7, N'Плацкат', 3000),
       ('C1', 8, N'Плацкат', 2000),
       ('C2', 8, N'Купе', 2000),
       ('C3', 8, N'Плацкат', 4000),
       ('A4', 8, N'Плацкат', 1000),
       ('B5', 8, N'Плацкат', 1000),
       ('C6', 8, N'Плацкат', 3000),
       ('B7', 8, N'Купе', 3000),
       ('B8', 8, N'Плацкат', 4000),
       ('C9', 8, N'Купе', 1000),
       ('B10', 8, N'Плацкат', 4000),
       ('C1', 9, N'Плацкат', 2000),
       ('B2', 9, N'Плацкат', 1000),
       ('A3', 9, N'Купе', 3000),
       ('C4', 9, N'Плацкат', 2000),
       ('A5', 9, N'Купе', 4000),
       ('A6', 9, N'Плацкат', 2000),
       ('C7', 9, N'Купе', 3000),
       ('B8', 9, N'Купе', 2000),
       ('C9', 9, N'Купе', 1000),
       ('A10', 9, N'Плацкат', 4000),
       ('C1', 10, N'Плацкат', 2000),
       ('B2', 10, N'Купе', 2000),
       ('A3', 10, N'Плацкат', 4000),
       ('B4', 10, N'Купе', 3000),
       ('B5', 10, N'Плацкат', 3000),
       ('A6', 10, N'Плацкат', 4000),
       ('B7', 10, N'Плацкат', 1000),
       ('A8', 10, N'Купе', 3000),
       ('B9', 10, N'Купе', 1000),
       ('C10', 10, N'Плацкат', 4000),
       ('B1', 11, N'Купе', 4000),
       ('B2', 11, N'Купе', 2000),
       ('B3', 11, N'Купе', 1000),
       ('B4', 11, N'Плацкат', 2000),
       ('A5', 11, N'Плацкат', 1000),
       ('B6', 11, N'Купе', 2000),
       ('C7', 11, N'Плацкат', 3000),
       ('A8', 11, N'Купе', 3000),
       ('B9', 11, N'Купе', 1000),
       ('C10', 11, N'Купе', 1000),
       ('B1', 12, N'Плацкат', 2000),
       ('C2', 12, N'Плацкат', 1000),
       ('C3', 12, N'Плацкат', 4000),
       ('A4', 12, N'Купе', 4000),
       ('C5', 12, N'Купе', 1000),
       ('C6', 12, N'Плацкат', 4000),
       ('C7', 12, N'Плацкат', 1000),
       ('A8', 12, N'Плацкат', 1000),
       ('A9', 12, N'Плацкат', 2000),
       ('C10', 12, N'Купе', 1000),
       ('A1', 13, N'Плацкат', 4000),
       ('C2', 13, N'Купе', 1000),
       ('C3', 13, N'Купе', 3000),
       ('B4', 13, N'Плацкат', 3000),
       ('C5', 13, N'Купе', 1000),
       ('B6', 13, N'Купе', 3000),
       ('A7', 13, N'Плацкат', 1000),
       ('A8', 13, N'Купе', 1000),
       ('A9', 13, N'Плацкат', 2000),
       ('A10', 13, N'Плацкат', 4000),
       ('A1', 14, N'Купе', 2000),
       ('C2', 14, N'Купе', 2000),
       ('A3', 14, N'Купе', 2000),
       ('A4', 14, N'Плацкат', 1000),
       ('C5', 14, N'Плацкат', 4000),
       ('C6', 14, N'Плацкат', 3000),
       ('C7', 14, N'Плацкат', 3000),
       ('A8', 14, N'Плацкат', 4000),
       ('A9', 14, N'Купе', 3000),
       ('B10', 14, N'Плацкат', 3000),
       ('C1', 15, N'Плацкат', 4000),
       ('B2', 15, N'Купе', 4000),
       ('C3', 15, N'Плацкат', 3000),
       ('B4', 15, N'Плацкат', 3000),
       ('C5', 15, N'Купе', 4000),
       ('A6', 15, N'Плацкат', 2000),
       ('A7', 15, N'Купе', 4000),
       ('A8', 15, N'Плацкат', 2000),
       ('A9', 15, N'Плацкат', 1000),
       ('A10', 15, N'Купе', 3000),
       ('B1', 16, N'Плацкат', 1000),
       ('A2', 16, N'Купе', 3000),
       ('A3', 16, N'Плацкат', 2000),
       ('B4', 16, N'Плацкат', 1000),
       ('C5', 16, N'Купе', 1000),
       ('C6', 16, N'Купе', 4000),
       ('A7', 16, N'Купе', 4000),
       ('B8', 16, N'Купе', 3000),
       ('A9', 16, N'Купе', 4000),
       ('B10', 16, N'Плацкат', 3000),
       ('C1', 17, N'Плацкат', 2000),
       ('A2', 17, N'Купе', 3000),
       ('C3', 17, N'Плацкат', 4000),
       ('B4', 17, N'Плацкат', 1000),
       ('B5', 17, N'Плацкат', 4000),
       ('C6', 17, N'Плацкат', 1000),
       ('C7', 17, N'Купе', 2000),
       ('C8', 17, N'Купе', 2000),
       ('C9', 17, N'Плацкат', 1000),
       ('A10', 17, N'Купе', 3000),
       ('A1', 18, N'Плацкат', 3000),
       ('C2', 18, N'Купе', 1000),
       ('A3', 18, N'Купе', 2000),
       ('C4', 18, N'Купе', 3000),
       ('C5', 18, N'Плацкат', 4000),
       ('C6', 18, N'Плацкат', 1000),
       ('C7', 18, N'Плацкат', 2000),
       ('C8', 18, N'Купе', 2000),
       ('B9', 18, N'Плацкат', 4000),
       ('B10', 18, N'Купе', 1000),
       ('A1', 19, N'Купе', 3000),
       ('A2', 19, N'Купе', 1000),
       ('A3', 19, N'Купе', 2000),
       ('C4', 19, N'Плацкат', 3000),
       ('B5', 19, N'Купе', 1000),
       ('C6', 19, N'Плацкат', 3000),
       ('C7', 19, N'Плацкат', 2000),
       ('B8', 19, N'Купе', 3000),
       ('C9', 19, N'Купе', 2000),
       ('B10', 19, N'Купе', 4000),
       ('B1', 20, N'Плацкат', 3000),
       ('A2', 20, N'Плацкат', 3000),
       ('A3', 20, N'Купе', 1000),
       ('A4', 20, N'Плацкат', 3000),
       ('A5', 20, N'Купе', 1000),
       ('B6', 20, N'Плацкат', 3000),
       ('B7', 20, N'Купе', 2000),
       ('B8', 20, N'Купе', 3000),
       ('A9', 20, N'Плацкат', 4000),
       ('C10', 20, N'Плацкат', 2000),
       ('A1', 21, N'Плацкат', 3000),
       ('A2', 21, N'Плацкат', 3000),
       ('A3', 21, N'Плацкат', 3000),
       ('A4', 21, N'Плацкат', 2000),
       ('C5', 21, N'Купе', 4000),
       ('C6', 21, N'Плацкат', 4000),
       ('C7', 21, N'Купе', 4000),
       ('A8', 21, N'Купе', 1000),
       ('C9', 21, N'Купе', 3000),
       ('A10', 21, N'Плацкат', 4000),
       ('B1', 22, N'Купе', 3000),
       ('A2', 22, N'Купе', 2000),
       ('A3', 22, N'Купе', 4000),
       ('B4', 22, N'Купе', 3000),
       ('A5', 22, N'Купе', 3000),
       ('C6', 22, N'Плацкат', 3000),
       ('A7', 22, N'Купе', 3000),
       ('B8', 22, N'Плацкат', 2000),
       ('C9', 22, N'Купе', 1000),
       ('C10', 22, N'Плацкат', 2000),
       ('B1', 23, N'Купе', 1000),
       ('A2', 23, N'Купе', 1000),
       ('A3', 23, N'Плацкат', 4000),
       ('C4', 23, N'Купе', 1000),
       ('A5', 23, N'Купе', 3000),
       ('C6', 23, N'Плацкат', 1000),
       ('A7', 23, N'Купе', 4000),
       ('A8', 23, N'Купе', 4000),
       ('B9', 23, N'Купе', 3000),
       ('C10', 23, N'Купе', 3000),
       ('B1', 24, N'Купе', 3000),
       ('A2', 24, N'Купе', 2000),
       ('B3', 24, N'Плацкат', 3000),
       ('C4', 24, N'Купе', 2000),
       ('A5', 24, N'Плацкат', 2000),
       ('C6', 24, N'Плацкат', 4000),
       ('B7', 24, N'Плацкат', 3000),
       ('C8', 24, N'Купе', 2000),
       ('C9', 24, N'Плацкат', 4000),
       ('B10', 24, N'Плацкат', 1000),
       ('C1', 25, N'Плацкат', 4000),
       ('C2', 25, N'Купе', 3000),
       ('B3', 25, N'Купе', 3000),
       ('B4', 25, N'Купе', 1000),
       ('B5', 25, N'Купе', 4000),
       ('B6', 25, N'Плацкат', 4000),
       ('A7', 25, N'Плацкат', 1000),
       ('B8', 25, N'Купе', 2000),
       ('A9', 25, N'Плацкат', 1000),
       ('A10', 25, N'Плацкат', 2000),
       ('A1', 26, N'Плацкат', 2000),
       ('A2', 26, N'Плацкат', 3000),
       ('B3', 26, N'Плацкат', 4000),
       ('A4', 26, N'Плацкат', 1000),
       ('C5', 26, N'Купе', 3000),
       ('A6', 26, N'Плацкат', 2000),
       ('B7', 26, N'Купе', 1000),
       ('C8', 26, N'Плацкат', 2000),
       ('C9', 26, N'Купе', 3000),
       ('A10', 26, N'Плацкат', 1000),
       ('B1', 27, N'Купе', 4000),
       ('B2', 27, N'Купе', 3000),
       ('C3', 27, N'Плацкат', 4000),
       ('C4', 27, N'Плацкат', 2000),
       ('C5', 27, N'Плацкат', 1000),
       ('B6', 27, N'Купе', 2000),
       ('C7', 27, N'Плацкат', 2000),
       ('B8', 27, N'Купе', 2000),
       ('C9', 27, N'Плацкат', 4000),
       ('A10', 27, N'Плацкат', 2000),
       ('A1', 28, N'Плацкат', 2000),
       ('C2', 28, N'Плацкат', 3000),
       ('C3', 28, N'Плацкат', 3000),
       ('A4', 28, N'Купе', 2000),
       ('B5', 28, N'Купе', 1000),
       ('C6', 28, N'Купе', 1000),
       ('A7', 28, N'Плацкат', 3000),
       ('B8', 28, N'Плацкат', 2000),
       ('A9', 28, N'Плацкат', 2000),
       ('C10', 28, N'Купе', 4000),
       ('A1', 29, N'Купе', 2000),
       ('B2', 29, N'Купе', 1000),
       ('B3', 29, N'Купе', 2000),
       ('B4', 29, N'Плацкат', 4000),
       ('C5', 29, N'Плацкат', 1000),
       ('A6', 29, N'Плацкат', 4000),
       ('A7', 29, N'Купе', 1000),
       ('C8', 29, N'Плацкат', 3000),
       ('B9', 29, N'Купе', 1000),
       ('B10', 29, N'Плацкат', 2000),
       ('C1', 30, N'Плацкат', 1000),
       ('A2', 30, N'Купе', 1000),
       ('B3', 30, N'Плацкат', 3000),
       ('A4', 30, N'Плацкат', 2000),
       ('B5', 30, N'Купе', 2000),
       ('A6', 30, N'Плацкат', 1000),
       ('C7', 30, N'Плацкат', 2000),
       ('A8', 30, N'Купе', 2000),
       ('B9', 30, N'Плацкат', 2000),
       ('C10', 30, N'Плацкат', 1000),
       ('C1', 31, N'Плацкат', 2000),
       ('A2', 31, N'Плацкат', 2000),
       ('A3', 31, N'Плацкат', 3000),
       ('A4', 31, N'Плацкат', 3000),
       ('A5', 31, N'Купе', 2000),
       ('B6', 31, N'Купе', 1000),
       ('B7', 31, N'Купе', 1000),
       ('A8', 31, N'Плацкат', 2000),
       ('A9', 31, N'Купе', 1000),
       ('B10', 31, N'Плацкат', 2000),
       ('B1', 32, N'Плацкат', 2000),
       ('B2', 32, N'Купе', 4000),
       ('B3', 32, N'Купе', 3000),
       ('C4', 32, N'Купе', 1000),
       ('C5', 32, N'Плацкат', 1000),
       ('A6', 32, N'Плацкат', 1000),
       ('A7', 32, N'Плацкат', 2000),
       ('C8', 32, N'Плацкат', 3000),
       ('A9', 32, N'Плацкат', 3000),
       ('B10', 32, N'Купе', 2000),
       ('B1', 33, N'Плацкат', 4000),
       ('B2', 33, N'Плацкат', 3000),
       ('C3', 33, N'Купе', 4000),
       ('B4', 33, N'Плацкат', 2000),
       ('C5', 33, N'Купе', 3000),
       ('C6', 33, N'Купе', 2000),
       ('B7', 33, N'Купе', 1000),
       ('A8', 33, N'Купе', 4000),
       ('C9', 33, N'Купе', 4000),
       ('C10', 33, N'Плацкат', 4000),
       ('B1', 34, N'Купе', 1000),
       ('A2', 34, N'Плацкат', 3000),
       ('A3', 34, N'Купе', 2000),
       ('A4', 34, N'Плацкат', 3000),
       ('C5', 34, N'Плацкат', 2000),
       ('C6', 34, N'Плацкат', 1000),
       ('B7', 34, N'Плацкат', 3000),
       ('C8', 34, N'Купе', 3000),
       ('B9', 34, N'Плацкат', 1000),
       ('A10', 34, N'Плацкат', 3000),
       ('C1', 35, N'Плацкат', 4000),
       ('A2', 35, N'Плацкат', 2000),
       ('B3', 35, N'Купе', 1000),
       ('C4', 35, N'Купе', 2000),
       ('C5', 35, N'Купе', 4000),
       ('B6', 35, N'Купе', 2000),
       ('B7', 35, N'Плацкат', 1000),
       ('C8', 35, N'Купе', 1000),
       ('B9', 35, N'Купе', 2000),
       ('A10', 35, N'Купе', 2000),
       ('A1', 36, N'Плацкат', 4000),
       ('A2', 36, N'Плацкат', 3000),
       ('A3', 36, N'Купе', 1000),
       ('C4', 36, N'Купе', 2000),
       ('C5', 36, N'Купе', 1000),
       ('B6', 36, N'Плацкат', 4000),
       ('A7', 36, N'Плацкат', 2000),
       ('A8', 36, N'Плацкат', 3000),
       ('A9', 36, N'Плацкат', 4000),
       ('C10', 36, N'Плацкат', 2000),
       ('C1', 37, N'Купе', 3000),
       ('C2', 37, N'Плацкат', 1000),
       ('B3', 37, N'Купе', 2000),
       ('B4', 37, N'Купе', 4000),
       ('A5', 37, N'Купе', 1000),
       ('A6', 37, N'Плацкат', 4000),
       ('A7', 37, N'Купе', 3000),
       ('C8', 37, N'Плацкат', 4000),
       ('C9', 37, N'Плацкат', 1000),
       ('C10', 37, N'Плацкат', 1000),
       ('C1', 38, N'Плацкат', 4000),
       ('B2', 38, N'Купе', 2000),
       ('B3', 38, N'Плацкат', 4000),
       ('C4', 38, N'Купе', 1000),
       ('B5', 38, N'Плацкат', 2000),
       ('B6', 38, N'Купе', 2000),
       ('A7', 38, N'Купе', 4000),
       ('C8', 38, N'Плацкат', 2000),
       ('A9', 38, N'Плацкат', 1000),
       ('A10', 38, N'Плацкат', 4000),
       ('A1', 39, N'Купе', 3000),
       ('A2', 39, N'Купе', 2000),
       ('C3', 39, N'Плацкат', 1000),
       ('C4', 39, N'Купе', 3000),
       ('C5', 39, N'Купе', 3000),
       ('B6', 39, N'Купе', 1000),
       ('C7', 39, N'Плацкат', 4000),
       ('B8', 39, N'Плацкат', 4000),
       ('B9', 39, N'Купе', 3000),
       ('B10', 39, N'Плацкат', 2000),
       ('C1', 40, N'Плацкат', 3000),
       ('A2', 40, N'Купе', 4000),
       ('C3', 40, N'Купе', 4000),
       ('B4', 40, N'Купе', 1000),
       ('C5', 40, N'Плацкат', 1000),
       ('C6', 40, N'Плацкат', 1000),
       ('A7', 40, N'Купе', 4000),
       ('A8', 40, N'Плацкат', 2000),
       ('B9', 40, N'Купе', 3000),
       ('C10', 40, N'Купе', 1000),
       ('A1', 41, N'Плацкат', 1000),
       ('B2', 41, N'Купе', 2000),
       ('C3', 41, N'Плацкат', 3000),
       ('B4', 41, N'Плацкат', 3000),
       ('B5', 41, N'Купе', 1000),
       ('B6', 41, N'Купе', 4000),
       ('C7', 41, N'Плацкат', 4000),
       ('A8', 41, N'Купе', 3000),
       ('A9', 41, N'Купе', 4000),
       ('A10', 41, N'Купе', 1000),
       ('A1', 42, N'Плацкат', 4000),
       ('B2', 42, N'Плацкат', 1000),
       ('B3', 42, N'Купе', 2000),
       ('C4', 42, N'Купе', 2000),
       ('B5', 42, N'Купе', 1000),
       ('A6', 42, N'Купе', 2000),
       ('B7', 42, N'Купе', 2000),
       ('B8', 42, N'Купе', 3000),
       ('C9', 42, N'Плацкат', 1000),
       ('B10', 42, N'Купе', 1000),
       ('B1', 43, N'Плацкат', 3000),
       ('A2', 43, N'Купе', 1000),
       ('C3', 43, N'Купе', 3000),
       ('A4', 43, N'Плацкат', 4000),
       ('A5', 43, N'Купе', 2000),
       ('B6', 43, N'Купе', 3000),
       ('B7', 43, N'Купе', 1000),
       ('B8', 43, N'Купе', 4000),
       ('B9', 43, N'Плацкат', 2000),
       ('C10', 43, N'Плацкат', 4000),
       ('A1', 44, N'Плацкат', 4000),
       ('A2', 44, N'Плацкат', 3000),
       ('A3', 44, N'Купе', 3000),
       ('A4', 44, N'Плацкат', 1000),
       ('A5', 44, N'Купе', 4000),
       ('B6', 44, N'Купе', 3000),
       ('A7', 44, N'Плацкат', 2000),
       ('C8', 44, N'Плацкат', 3000),
       ('C9', 44, N'Купе', 4000),
       ('A10', 44, N'Купе', 1000),
       ('C1', 45, N'Плацкат', 2000),
       ('B2', 45, N'Плацкат', 2000),
       ('B3', 45, N'Плацкат', 1000),
       ('A4', 45, N'Плацкат', 4000),
       ('A5', 45, N'Плацкат', 3000),
       ('A6', 45, N'Купе', 1000),
       ('A7', 45, N'Плацкат', 1000),
       ('C8', 45, N'Купе', 3000),
       ('B9', 45, N'Купе', 4000),
       ('B10', 45, N'Купе', 3000),
       ('A1', 46, N'Купе', 3000),
       ('C2', 46, N'Плацкат', 1000),
       ('A3', 46, N'Купе', 4000),
       ('B4', 46, N'Купе', 1000),
       ('A5', 46, N'Купе', 3000),
       ('A6', 46, N'Купе', 1000),
       ('B7', 46, N'Купе', 1000),
       ('C8', 46, N'Плацкат', 2000),
       ('A9', 46, N'Плацкат', 3000),
       ('B10', 46, N'Плацкат', 3000),
       ('A1', 47, N'Купе', 1000),
       ('C2', 47, N'Плацкат', 3000),
       ('A3', 47, N'Плацкат', 3000),
       ('B4', 47, N'Купе', 3000),
       ('A5', 47, N'Плацкат', 4000),
       ('A6', 47, N'Купе', 3000),
       ('A7', 47, N'Купе', 1000),
       ('C8', 47, N'Плацкат', 1000),
       ('A9', 47, N'Купе', 1000),
       ('B10', 47, N'Купе', 1000),
       ('C1', 48, N'Плацкат', 1000),
       ('B2', 48, N'Купе', 2000),
       ('A3', 48, N'Плацкат', 1000),
       ('B4', 48, N'Купе', 4000),
       ('B5', 48, N'Плацкат', 4000),
       ('A6', 48, N'Купе', 4000),
       ('A7', 48, N'Плацкат', 3000),
       ('C8', 48, N'Купе', 1000),
       ('A9', 48, N'Плацкат', 3000),
       ('A10', 48, N'Купе', 1000),
       ('B1', 49, N'Плацкат', 4000),
       ('B2', 49, N'Купе', 3000),
       ('A3', 49, N'Купе', 3000),
       ('C4', 49, N'Плацкат', 2000),
       ('A5', 49, N'Плацкат', 1000),
       ('A6', 49, N'Плацкат', 1000),
       ('C7', 49, N'Плацкат', 4000),
       ('C8', 49, N'Купе', 1000),
       ('A9', 49, N'Плацкат', 3000),
       ('B10', 49, N'Плацкат', 3000),
       ('C1', 50, N'Купе', 1000),
       ('C2', 50, N'Плацкат', 2000),
       ('B3', 50, N'Купе', 2000),
       ('B4', 50, N'Купе', 4000),
       ('A5', 50, N'Плацкат', 2000),
       ('A6', 50, N'Купе', 3000),
       ('C7', 50, N'Плацкат', 4000),
       ('B8', 50, N'Плацкат', 4000),
       ('B9', 50, N'Плацкат', 2000),
       ('B10', 50, N'Купе', 2000),
       ('B1', 51, N'Купе', 2000),
       ('C2', 51, N'Купе', 1000),
       ('B3', 51, N'Купе', 4000),
       ('B4', 51, N'Купе', 2000),
       ('B5', 51, N'Плацкат', 4000),
       ('A6', 51, N'Плацкат', 3000),
       ('A7', 51, N'Плацкат', 1000),
       ('C8', 51, N'Плацкат', 1000),
       ('A9', 51, N'Купе', 4000),
       ('B10', 51, N'Плацкат', 1000),
       ('C1', 52, N'Купе', 4000),
       ('A2', 52, N'Купе', 2000),
       ('B3', 52, N'Плацкат', 2000),
       ('B4', 52, N'Плацкат', 2000),
       ('B5', 52, N'Плацкат', 1000),
       ('A6', 52, N'Плацкат', 1000),
       ('C7', 52, N'Плацкат', 1000),
       ('A8', 52, N'Купе', 4000),
       ('C9', 52, N'Плацкат', 2000),
       ('C10', 52, N'Купе', 3000),
       ('B1', 53, N'Плацкат', 3000),
       ('A2', 53, N'Плацкат', 1000),
       ('B3', 53, N'Плацкат', 2000),
       ('A4', 53, N'Плацкат', 3000),
       ('C5', 53, N'Плацкат', 2000),
       ('A6', 53, N'Купе', 1000),
       ('C7', 53, N'Купе', 4000),
       ('A8', 53, N'Купе', 3000),
       ('B9', 53, N'Купе', 3000),
       ('C10', 53, N'Купе', 4000),
       ('C1', 54, N'Плацкат', 2000),
       ('B2', 54, N'Купе', 2000),
       ('B3', 54, N'Купе', 2000),
       ('B4', 54, N'Плацкат', 3000),
       ('B5', 54, N'Плацкат', 2000),
       ('B6', 54, N'Купе', 2000),
       ('B7', 54, N'Плацкат', 1000),
       ('C8', 54, N'Плацкат', 4000),
       ('C9', 54, N'Плацкат', 1000),
       ('B10', 54, N'Плацкат', 2000),
       ('A1', 55, N'Плацкат', 3000),
       ('B2', 55, N'Купе', 4000),
       ('B3', 55, N'Плацкат', 1000),
       ('A4', 55, N'Купе', 3000),
       ('B5', 55, N'Плацкат', 3000),
       ('A6', 55, N'Купе', 4000),
       ('B7', 55, N'Плацкат', 3000),
       ('C8', 55, N'Плацкат', 4000),
       ('B9', 55, N'Плацкат', 1000),
       ('A10', 55, N'Купе', 1000),
       ('B1', 56, N'Купе', 3000),
       ('B2', 56, N'Плацкат', 4000),
       ('A3', 56, N'Плацкат', 3000),
       ('A4', 56, N'Купе', 1000),
       ('A5', 56, N'Купе', 3000),
       ('C6', 56, N'Плацкат', 4000),
       ('A7', 56, N'Купе', 4000),
       ('B8', 56, N'Купе', 2000),
       ('A9', 56, N'Купе', 4000),
       ('A10', 56, N'Купе', 2000),
       ('B1', 57, N'Купе', 1000),
       ('A2', 57, N'Плацкат', 1000),
       ('A3', 57, N'Плацкат', 3000),
       ('B4', 57, N'Плацкат', 3000),
       ('C5', 57, N'Плацкат', 1000),
       ('C6', 57, N'Плацкат', 2000),
       ('B7', 57, N'Купе', 1000),
       ('B8', 57, N'Плацкат', 1000),
       ('A9', 57, N'Плацкат', 3000),
       ('A10', 57, N'Плацкат', 1000),
       ('A1', 58, N'Плацкат', 4000),
       ('B2', 58, N'Плацкат', 1000),
       ('A3', 58, N'Плацкат', 1000),
       ('A4', 58, N'Плацкат', 2000),
       ('A5', 58, N'Плацкат', 1000),
       ('C6', 58, N'Плацкат', 4000),
       ('B7', 58, N'Плацкат', 1000),
       ('C8', 58, N'Плацкат', 4000),
       ('C9', 58, N'Плацкат', 3000),
       ('C10', 58, N'Купе', 1000),
       ('A1', 59, N'Купе', 3000),
       ('C2', 59, N'Купе', 4000),
       ('B3', 59, N'Плацкат', 1000),
       ('A4', 59, N'Плацкат', 1000),
       ('B5', 59, N'Купе', 3000),
       ('A6', 59, N'Купе', 3000),
       ('A7', 59, N'Купе', 1000),
       ('B8', 59, N'Плацкат', 2000),
       ('A9', 59, N'Купе', 2000),
       ('B10', 59, N'Купе', 3000),
       ('B1', 60, N'Купе', 3000),
       ('C2', 60, N'Купе', 3000),
       ('C3', 60, N'Плацкат', 3000),
       ('C4', 60, N'Плацкат', 1000),
       ('C5', 60, N'Купе', 1000),
       ('B6', 60, N'Плацкат', 3000),
       ('B7', 60, N'Купе', 4000),
       ('A8', 60, N'Плацкат', 2000),
       ('B9', 60, N'Плацкат', 4000),
       ('C10', 60, N'Плацкат', 4000),
       ('C1', 61, N'Плацкат', 1000),
       ('A2', 61, N'Купе', 3000),
       ('C3', 61, N'Купе', 1000),
       ('C4', 61, N'Плацкат', 4000),
       ('B5', 61, N'Купе', 1000),
       ('A6', 61, N'Купе', 3000),
       ('B7', 61, N'Купе', 3000),
       ('A8', 61, N'Купе', 2000),
       ('A9', 61, N'Плацкат', 4000),
       ('A10', 61, N'Плацкат', 1000),
       ('C1', 62, N'Купе', 3000),
       ('B2', 62, N'Купе', 2000),
       ('B3', 62, N'Купе', 4000),
       ('A4', 62, N'Купе', 3000),
       ('C5', 62, N'Плацкат', 1000),
       ('A6', 62, N'Плацкат', 1000),
       ('C7', 62, N'Купе', 4000),
       ('A8', 62, N'Купе', 2000),
       ('A9', 62, N'Плацкат', 4000),
       ('C10', 62, N'Плацкат', 4000),
       ('C1', 63, N'Плацкат', 1000),
       ('B2', 63, N'Купе', 3000),
       ('A3', 63, N'Плацкат', 3000),
       ('B4', 63, N'Купе', 1000),
       ('B5', 63, N'Плацкат', 2000),
       ('A6', 63, N'Купе', 3000),
       ('B7', 63, N'Плацкат', 4000),
       ('C8', 63, N'Купе', 1000),
       ('B9', 63, N'Купе', 2000),
       ('A10', 63, N'Плацкат', 3000),
       ('A1', 64, N'Плацкат', 1000),
       ('B2', 64, N'Купе', 4000),
       ('B3', 64, N'Купе', 3000),
       ('A4', 64, N'Плацкат', 3000),
       ('A5', 64, N'Плацкат', 1000),
       ('B6', 64, N'Купе', 3000),
       ('A7', 64, N'Купе', 1000),
       ('C8', 64, N'Плацкат', 2000),
       ('B9', 64, N'Купе', 2000),
       ('C10', 64, N'Купе', 2000),
       ('B1', 65, N'Купе', 4000),
       ('B2', 65, N'Купе', 4000),
       ('B3', 65, N'Плацкат', 4000),
       ('A4', 65, N'Купе', 4000),
       ('C5', 65, N'Купе', 1000),
       ('B6', 65, N'Купе', 4000),
       ('A7', 65, N'Купе', 1000),
       ('B8', 65, N'Купе', 3000),
       ('C9', 65, N'Купе', 2000),
       ('B10', 65, N'Плацкат', 2000),
       ('B1', 66, N'Плацкат', 3000),
       ('A2', 66, N'Купе', 3000),
       ('C3', 66, N'Плацкат', 2000),
       ('B4', 66, N'Купе', 3000),
       ('A5', 66, N'Плацкат', 1000),
       ('C6', 66, N'Купе', 1000),
       ('C7', 66, N'Купе', 3000),
       ('C8', 66, N'Купе', 4000),
       ('C9', 66, N'Купе', 2000),
       ('C10', 66, N'Плацкат', 2000),
       ('B1', 67, N'Купе', 4000),
       ('B2', 67, N'Плацкат', 2000),
       ('C3', 67, N'Купе', 4000),
       ('A4', 67, N'Купе', 4000),
       ('A5', 67, N'Плацкат', 2000),
       ('A6', 67, N'Купе', 2000),
       ('B7', 67, N'Купе', 4000),
       ('A8', 67, N'Плацкат', 3000),
       ('A9', 67, N'Плацкат', 4000),
       ('C10', 67, N'Плацкат', 3000),
       ('A1', 68, N'Плацкат', 2000),
       ('A2', 68, N'Плацкат', 4000),
       ('A3', 68, N'Плацкат', 3000),
       ('B4', 68, N'Плацкат', 2000),
       ('B5', 68, N'Плацкат', 4000),
       ('A6', 68, N'Плацкат', 1000),
       ('B7', 68, N'Плацкат', 2000),
       ('B8', 68, N'Плацкат', 3000),
       ('B9', 68, N'Плацкат', 4000),
       ('B10', 68, N'Купе', 1000),
       ('C1', 69, N'Плацкат', 1000),
       ('A2', 69, N'Плацкат', 2000),
       ('A3', 69, N'Купе', 2000),
       ('C4', 69, N'Купе', 2000),
       ('B5', 69, N'Купе', 4000),
       ('C6', 69, N'Купе', 2000),
       ('B7', 69, N'Плацкат', 2000),
       ('C8', 69, N'Купе', 3000),
       ('B9', 69, N'Плацкат', 3000),
       ('A10', 69, N'Плацкат', 3000),
       ('B1', 70, N'Купе', 2000),
       ('B2', 70, N'Плацкат', 1000),
       ('B3', 70, N'Плацкат', 2000),
       ('A4', 70, N'Купе', 4000),
       ('C5', 70, N'Купе', 2000),
       ('B6', 70, N'Плацкат', 1000),
       ('A7', 70, N'Плацкат', 4000),
       ('B8', 70, N'Плацкат', 1000),
       ('C9', 70, N'Плацкат', 2000),
       ('A10', 70, N'Купе', 1000),
       ('A1', 71, N'Купе', 3000),
       ('C2', 71, N'Купе', 4000),
       ('A3', 71, N'Плацкат', 4000),
       ('A4', 71, N'Плацкат', 3000),
       ('A5', 71, N'Купе', 1000),
       ('C6', 71, N'Плацкат', 4000),
       ('B7', 71, N'Купе', 3000),
       ('B8', 71, N'Купе', 2000),
       ('C9', 71, N'Плацкат', 3000),
       ('B10', 71, N'Купе', 3000),
       ('B1', 72, N'Плацкат', 3000),
       ('C2', 72, N'Плацкат', 1000),
       ('C3', 72, N'Купе', 4000),
       ('C4', 72, N'Купе', 2000),
       ('B5', 72, N'Купе', 2000),
       ('A6', 72, N'Плацкат', 4000),
       ('A7', 72, N'Купе', 4000),
       ('C8', 72, N'Купе', 4000),
       ('B9', 72, N'Купе', 1000),
       ('A10', 72, N'Купе', 3000),
       ('A1', 73, N'Купе', 2000),
       ('A2', 73, N'Плацкат', 2000),
       ('C3', 73, N'Купе', 1000),
       ('C4', 73, N'Купе', 2000),
       ('A5', 73, N'Плацкат', 3000),
       ('A6', 73, N'Плацкат', 4000),
       ('C7', 73, N'Купе', 3000),
       ('B8', 73, N'Плацкат', 2000),
       ('C9', 73, N'Купе', 2000),
       ('B10', 73, N'Плацкат', 3000),
       ('C1', 74, N'Купе', 2000),
       ('B2', 74, N'Плацкат', 2000),
       ('A3', 74, N'Купе', 2000),
       ('B4', 74, N'Плацкат', 2000),
       ('B5', 74, N'Купе', 1000),
       ('C6', 74, N'Купе', 4000),
       ('C7', 74, N'Плацкат', 4000),
       ('B8', 74, N'Купе', 1000),
       ('A9', 74, N'Плацкат', 2000),
       ('C10', 74, N'Плацкат', 1000),
       ('A1', 75, N'Плацкат', 1000),
       ('A2', 75, N'Купе', 4000),
       ('A3', 75, N'Купе', 3000),
       ('C4', 75, N'Плацкат', 3000),
       ('A5', 75, N'Купе', 1000),
       ('C6', 75, N'Купе', 2000),
       ('A7', 75, N'Купе', 4000),
       ('C8', 75, N'Купе', 4000),
       ('A9', 75, N'Плацкат', 4000),
       ('B10', 75, N'Плацкат', 1000),
       ('B1', 76, N'Купе', 3000),
       ('A2', 76, N'Плацкат', 4000),
       ('B3', 76, N'Плацкат', 2000),
       ('C4', 76, N'Плацкат', 3000),
       ('B5', 76, N'Купе', 4000),
       ('A6', 76, N'Плацкат', 2000),
       ('A7', 76, N'Купе', 1000),
       ('A8', 76, N'Плацкат', 3000),
       ('C9', 76, N'Плацкат', 3000),
       ('B10', 76, N'Плацкат', 3000),
       ('B1', 77, N'Плацкат', 3000),
       ('A2', 77, N'Купе', 3000),
       ('A3', 77, N'Плацкат', 3000),
       ('C4', 77, N'Плацкат', 1000),
       ('C5', 77, N'Плацкат', 4000),
       ('C6', 77, N'Плацкат', 2000),
       ('C7', 77, N'Купе', 3000),
       ('B8', 77, N'Плацкат', 3000),
       ('B9', 77, N'Купе', 4000),
       ('C10', 77, N'Купе', 2000),
       ('A1', 78, N'Плацкат', 1000),
       ('B2', 78, N'Купе', 1000),
       ('B3', 78, N'Купе', 1000),
       ('A4', 78, N'Плацкат', 2000),
       ('A5', 78, N'Купе', 2000),
       ('B6', 78, N'Купе', 1000),
       ('A7', 78, N'Плацкат', 4000),
       ('B8', 78, N'Плацкат', 4000),
       ('B9', 78, N'Плацкат', 3000),
       ('C10', 78, N'Купе', 1000),
       ('B1', 79, N'Плацкат', 2000),
       ('A2', 79, N'Плацкат', 4000),
       ('B3', 79, N'Плацкат', 2000),
       ('A4', 79, N'Плацкат', 4000),
       ('C5', 79, N'Плацкат', 2000),
       ('B6', 79, N'Плацкат', 4000),
       ('C7', 79, N'Купе', 1000),
       ('C8', 79, N'Плацкат', 2000),
       ('A9', 79, N'Купе', 1000),
       ('B10', 79, N'Купе', 2000),
       ('C1', 80, N'Плацкат', 4000),
       ('C2', 80, N'Купе', 3000),
       ('C3', 80, N'Купе', 2000),
       ('C4', 80, N'Купе', 3000),
       ('A5', 80, N'Плацкат', 2000),
       ('B6', 80, N'Плацкат', 4000),
       ('C7', 80, N'Купе', 4000),
       ('C8', 80, N'Плацкат', 3000),
       ('C9', 80, N'Плацкат', 2000),
       ('C10', 80, N'Купе', 2000),
       ('C1', 81, N'Плацкат', 2000),
       ('B2', 81, N'Плацкат', 2000),
       ('C3', 81, N'Купе', 1000),
       ('B4', 81, N'Купе', 1000),
       ('A5', 81, N'Купе', 4000),
       ('A6', 81, N'Плацкат', 3000),
       ('C7', 81, N'Купе', 2000),
       ('A8', 81, N'Плацкат', 1000),
       ('B9', 81, N'Плацкат', 3000),
       ('B10', 81, N'Купе', 2000),
       ('C1', 82, N'Плацкат', 4000),
       ('B2', 82, N'Плацкат', 3000),
       ('A3', 82, N'Купе', 2000),
       ('C4', 82, N'Купе', 1000),
       ('A5', 82, N'Плацкат', 4000),
       ('C6', 82, N'Купе', 2000),
       ('C7', 82, N'Купе', 3000),
       ('C8', 82, N'Купе', 1000),
       ('A9', 82, N'Плацкат', 1000),
       ('A10', 82, N'Плацкат', 2000),
       ('A1', 83, N'Купе', 3000),
       ('B2', 83, N'Купе', 2000),
       ('B3', 83, N'Купе', 1000),
       ('C4', 83, N'Купе', 4000),
       ('A5', 83, N'Плацкат', 2000),
       ('B6', 83, N'Плацкат', 1000),
       ('A7', 83, N'Плацкат', 1000),
       ('B8', 83, N'Купе', 2000),
       ('A9', 83, N'Плацкат', 2000),
       ('B10', 83, N'Плацкат', 3000),
       ('B1', 84, N'Купе', 4000),
       ('A2', 84, N'Купе', 1000),
       ('B3', 84, N'Купе', 1000),
       ('B4', 84, N'Купе', 3000),
       ('C5', 84, N'Купе', 3000),
       ('B6', 84, N'Купе', 1000),
       ('C7', 84, N'Плацкат', 2000),
       ('C8', 84, N'Купе', 2000),
       ('B9', 84, N'Купе', 2000),
       ('A10', 84, N'Плацкат', 2000),
       ('A1', 85, N'Плацкат', 1000),
       ('C2', 85, N'Плацкат', 4000),
       ('B3', 85, N'Купе', 2000),
       ('B4', 85, N'Плацкат', 4000),
       ('A5', 85, N'Купе', 3000),
       ('A6', 85, N'Плацкат', 1000),
       ('B7', 85, N'Купе', 1000),
       ('C8', 85, N'Плацкат', 1000),
       ('B9', 85, N'Купе', 4000),
       ('B10', 85, N'Плацкат', 2000),
       ('B1', 86, N'Плацкат', 1000),
       ('C2', 86, N'Плацкат', 3000),
       ('A3', 86, N'Плацкат', 3000),
       ('C4', 86, N'Плацкат', 2000),
       ('B5', 86, N'Купе', 2000),
       ('B6', 86, N'Купе', 2000),
       ('A7', 86, N'Плацкат', 4000),
       ('A8', 86, N'Плацкат', 2000),
       ('C9', 86, N'Купе', 1000),
       ('A10', 86, N'Плацкат', 2000),
       ('A1', 87, N'Плацкат', 1000),
       ('A2', 87, N'Купе', 3000),
       ('C3', 87, N'Плацкат', 2000),
       ('C4', 87, N'Купе', 2000),
       ('B5', 87, N'Плацкат', 2000),
       ('C6', 87, N'Купе', 2000),
       ('B7', 87, N'Купе', 2000),
       ('B8', 87, N'Плацкат', 4000),
       ('B9', 87, N'Купе', 2000),
       ('C10', 87, N'Плацкат', 2000),
       ('C1', 88, N'Купе', 4000),
       ('C2', 88, N'Плацкат', 4000),
       ('B3', 88, N'Плацкат', 1000),
       ('A4', 88, N'Купе', 2000),
       ('C5', 88, N'Плацкат', 2000),
       ('B6', 88, N'Плацкат', 4000),
       ('A7', 88, N'Купе', 2000),
       ('B8', 88, N'Купе', 3000),
       ('B9', 88, N'Плацкат', 3000),
       ('C10', 88, N'Купе', 3000),
       ('B1', 89, N'Купе', 4000),
       ('C2', 89, N'Плацкат', 4000),
       ('A3', 89, N'Купе', 4000),
       ('B4', 89, N'Плацкат', 4000),
       ('C5', 89, N'Плацкат', 4000),
       ('B6', 89, N'Плацкат', 1000),
       ('C7', 89, N'Плацкат', 4000),
       ('A8', 89, N'Купе', 4000),
       ('C9', 89, N'Купе', 1000),
       ('C10', 89, N'Плацкат', 3000),
       ('A1', 90, N'Купе', 3000),
       ('B2', 90, N'Плацкат', 4000),
       ('C3', 90, N'Плацкат', 3000),
       ('A4', 90, N'Плацкат', 2000),
       ('B5', 90, N'Купе', 1000),
       ('C6', 90, N'Плацкат', 1000),
       ('B7', 90, N'Плацкат', 1000),
       ('C8', 90, N'Купе', 2000),
       ('B9', 90, N'Плацкат', 2000),
       ('C10', 90, N'Плацкат', 1000),
       ('C1', 91, N'Купе', 3000),
       ('A2', 91, N'Плацкат', 4000),
       ('B3', 91, N'Купе', 1000),
       ('A4', 91, N'Плацкат', 3000),
       ('A5', 91, N'Плацкат', 3000),
       ('B6', 91, N'Плацкат', 3000),
       ('B7', 91, N'Плацкат', 3000),
       ('C8', 91, N'Плацкат', 3000),
       ('A9', 91, N'Плацкат', 2000),
       ('B10', 91, N'Купе', 2000),
       ('A1', 92, N'Плацкат', 4000),
       ('A2', 92, N'Плацкат', 1000),
       ('C3', 92, N'Купе', 3000),
       ('A4', 92, N'Плацкат', 2000),
       ('B5', 92, N'Плацкат', 4000),
       ('A6', 92, N'Плацкат', 1000),
       ('C7', 92, N'Плацкат', 3000),
       ('C8', 92, N'Купе', 4000),
       ('A9', 92, N'Плацкат', 2000),
       ('B10', 92, N'Купе', 3000),
       ('C1', 93, N'Плацкат', 3000),
       ('C2', 93, N'Купе', 2000),
       ('B3', 93, N'Купе', 4000),
       ('A4', 93, N'Купе', 3000),
       ('A5', 93, N'Купе', 1000),
       ('A6', 93, N'Плацкат', 2000),
       ('B7', 93, N'Купе', 1000),
       ('B8', 93, N'Купе', 2000),
       ('A9', 93, N'Плацкат', 2000),
       ('A10', 93, N'Купе', 4000),
       ('C1', 94, N'Купе', 1000),
       ('B2', 94, N'Купе', 4000),
       ('B3', 94, N'Купе', 2000),
       ('C4', 94, N'Купе', 4000),
       ('A5', 94, N'Плацкат', 2000),
       ('B6', 94, N'Купе', 2000),
       ('B7', 94, N'Плацкат', 4000),
       ('A8', 94, N'Плацкат', 3000),
       ('C9', 94, N'Плацкат', 3000),
       ('B10', 94, N'Купе', 2000),
       ('C1', 95, N'Плацкат', 3000),
       ('B2', 95, N'Плацкат', 3000),
       ('A3', 95, N'Плацкат', 2000),
       ('B4', 95, N'Купе', 1000),
       ('C5', 95, N'Плацкат', 1000),
       ('C6', 95, N'Плацкат', 2000),
       ('B7', 95, N'Плацкат', 2000),
       ('B8', 95, N'Плацкат', 1000),
       ('C9', 95, N'Плацкат', 3000),
       ('A10', 95, N'Плацкат', 2000),
       ('A1', 96, N'Купе', 2000),
       ('A2', 96, N'Купе', 1000),
       ('C3', 96, N'Купе', 3000),
       ('B4', 96, N'Плацкат', 3000),
       ('B5', 96, N'Купе', 2000),
       ('B6', 96, N'Плацкат', 1000),
       ('C7', 96, N'Купе', 4000),
       ('B8', 96, N'Плацкат', 2000),
       ('B9', 96, N'Плацкат', 4000),
       ('A10', 96, N'Плацкат', 4000),
       ('C1', 97, N'Плацкат', 2000),
       ('C2', 97, N'Купе', 4000),
       ('A3', 97, N'Купе', 4000),
       ('C4', 97, N'Плацкат', 3000),
       ('A5', 97, N'Купе', 1000),
       ('A6', 97, N'Плацкат', 3000),
       ('C7', 97, N'Купе', 2000),
       ('A8', 97, N'Плацкат', 1000),
       ('B9', 97, N'Купе', 3000),
       ('A10', 97, N'Плацкат', 2000),
       ('A1', 98, N'Плацкат', 2000),
       ('B2', 98, N'Плацкат', 1000),
       ('A3', 98, N'Купе', 4000),
       ('B4', 98, N'Плацкат', 1000),
       ('A5', 98, N'Плацкат', 1000),
       ('C6', 98, N'Купе', 1000),
       ('C7', 98, N'Плацкат', 1000),
       ('B8', 98, N'Купе', 3000),
       ('A9', 98, N'Купе', 1000),
       ('C10', 98, N'Плацкат', 4000),
       ('A1', 99, N'Купе', 1000),
       ('A2', 99, N'Плацкат', 2000),
       ('B3', 99, N'Купе', 2000),
       ('A4', 99, N'Плацкат', 2000),
       ('A5', 99, N'Плацкат', 4000),
       ('B6', 99, N'Плацкат', 2000),
       ('B7', 99, N'Купе', 4000),
       ('A8', 99, N'Плацкат', 4000),
       ('B9', 99, N'Плацкат', 4000),
       ('C10', 99, N'Плацкат', 4000),
       ('B1', 100, N'Плацкат', 1000),
       ('C2', 100, N'Купе', 3000),
       ('C3', 100, N'Плацкат', 4000),
       ('A4', 100, N'Купе', 4000),
       ('C5', 100, N'Плацкат', 4000),
       ('C6', 100, N'Купе', 3000),
       ('C7', 100, N'Купе', 3000),
       ('B8', 100, N'Плацкат', 3000),
       ('B9', 100, N'Плацкат', 1000),
       ('A10', 100, N'Плацкат', 1000);

INSERT INTO directions (name, start_station_id, end_station_id)
VALUES (N'Москва - Санкт-Питербург', 1, 6),
       (N'Воронеж - Калининград', 7, 12),
       (N'Самара - Нижний Новгород', 13, 18),
       (N'Саратов - Саров', 19, 24),
       (N'Анапа - Екатеринбург', 25, 30);

INSERT INTO stations (related_direction, name)
VALUES (1, N'Москва'),
       (1, N'Торжок'),
       (1, N'Бологое'),
       (1, N'Окуловка'),
       (1, N'Любань'),
       (1, N'Санкт-Питербург'),

       (2, N'Воронеж'),
       (2, N'Ступино'),
       (2, N'Домодедово'),
       (2, N'Кашира'),
       (2, N'Венёв'),
       (2, N'Калининград'),

       (3, N'Самара'),
       (3, N'Ядрин'),
       (3, N'Канаш'),
       (3, N'Ульяновск'),
       (3, N'Димитровград'),
       (3, N'Нижний Новгород'),

       (4, N'Саратов'),
       (4, N'Инсар'),
       (4, N'Ковылкино'),
       (4, N'Краснослободск'),
       (4, N'Пенза'),
       (4, N'Саров'),

       (5, N'Анапа'),
       (5, N'Колпино'),
       (5, N'Пушкин'),
       (5, N'Любань'),
       (5, N'Окуловка'),
       (5, N'Екатеринбург');

INSERT INTO active (station_id, start_date_time, main_direction_id, train_id, main_start_date_time)
VALUES (1, '01-01-2000 00:10:00', 1, 1, '01-01-2000 00:00:00'),
       (2, '02-01-2000 00:10:00', 1, 1, '01-01-2000 00:00:00'),
       (3, '03-01-2000 00:10:00', 1, 1, '01-01-2000 00:00:00'),
       (4, '04-01-2000 00:10:00', 1, 1, '01-01-2000 00:00:00'),
       (5, '05-01-2000 00:10:00', 1, 1, '01-01-2000 00:00:00'),
       (6, '06-01-2000 00:10:00', 1, 1, '01-01-2000 00:00:00'),

       (7, '01-01-2000 00:10:00', 2, 2, '01-01-2000 00:00:00'),
       (8, '02-01-2000 00:10:00', 2, 2, '01-01-2000 00:00:00'),
       (9, '03-01-2000 00:10:00', 2, 2, '01-01-2000 00:00:00'),
       (10, '04-01-2000 00:10:00', 2, 2, '01-01-2000 00:00:00'),
       (11, '05-01-2000 00:10:00', 2, 2, '01-01-2000 00:00:00'),
       (12, '06-01-2000 00:10:00', 2, 2, '01-01-2000 00:00:00'),

       (13, '01-01-2000 00:10:00', 3, 3, '01-01-2000 00:00:00'),
       (14, '02-01-2000 00:10:00', 3, 3, '01-01-2000 00:00:00'),
       (15, '03-01-2000 00:10:00', 3, 3, '01-01-2000 00:00:00'),
       (16, '04-01-2000 00:10:00', 3, 3, '01-01-2000 00:00:00'),
       (17, '05-01-2000 00:10:00', 3, 3, '01-01-2000 00:00:00'),
       (18, '06-01-2000 00:10:00', 3, 3, '01-01-2000 00:00:00'),

       (19, '01-01-2000 00:10:00', 4, 4, '01-01-2000 00:00:00'),
       (20, '02-01-2000 00:10:00', 4, 4, '01-01-2000 00:00:00'),
       (21, '03-01-2000 00:10:00', 4, 4, '01-01-2000 00:00:00'),
       (22, '04-01-2000 00:10:00', 4, 4, '01-01-2000 00:00:00'),
       (23, '05-01-2000 00:10:00', 4, 4, '01-01-2000 00:00:00'),
       (24, '06-01-2000 00:10:00', 4, 4, '01-01-2000 00:00:00'),

       (25, '01-01-2000 00:10:00', 5, 5, '01-01-2000 00:00:00'),
       (26, '02-01-2000 00:10:00', 5, 5, '01-01-2000 00:00:00'),
       (27, '03-01-2000 00:10:00', 5, 5, '01-01-2000 00:00:00'),
       (28, '04-01-2000 00:10:00', 5, 5, '01-01-2000 00:00:00'),
       (29, '05-01-2000 00:10:00', 5, 5, '01-01-2000 00:00:00'),
       (30, '06-01-2000 00:10:00', 5, 5, '01-01-2000 00:00:00')

-- default users
    INSERT
INTO [users]
VALUES (0, 'admin', 'admin', 'admin', 'Administrator', 'admin',
    'AQAAAAEAACcQAAAAEHXqg4aVPN8q9c4JLMGDhl2g09SVHUtWB/ZJXjAjml4tn559tlzQ3RSA+3g3JzC4FQ=='), -- admin - password = admin (hashed)
    (1, 'moderator', 'moderator', 'moderator', 'Moderator', 'moderator',
    'AQAAAAEAACcQAAAAEF3jw4jSnLt3n0Hu1VYYUCJsChDyNdX8+s/Nic7J+YmFnEcfHiK6+K/jbyrLW31l6w==') -- moderator - password = moderator (hashed)