USE master;
GO

DROP DATABASE IF EXISTS CollegeBackend;
GO

CREATE DATABASE CollegeBackend;
GO

USE CollegeBackend;
GO

CREATE TABLE [active]
(
    [active_id]            int      NOT NULL IDENTITY (1,1),
    [station_id]           int      NOT NULL,
    [start_date_time]      datetime NOT NULL,
    [main_direction_id]    int      NOT NULL,
    [train_id]             int      NOT NULL,
    [main_start_date_time] datetime NOT NULL,
    CONSTRAINT [_copy_2] PRIMARY KEY CLUSTERED ([active_id])
        WITH (PAD_INDEX = OFF, STATISTICS_NORECOMPUTE = OFF, IGNORE_DUP_KEY = OFF, ALLOW_ROW_LOCKS = ON, ALLOW_PAGE_LOCKS = ON)
)
GO

CREATE TABLE [carriages]
(
    [carriage_id]      int     NOT NULL IDENTITY (1,1),
    [index]            char(3) NOT NULL,
    [related_train_id] int     NOT NULL,
    CONSTRAINT [_copy_5] PRIMARY KEY CLUSTERED ([carriage_id])
        WITH (PAD_INDEX = OFF, STATISTICS_NORECOMPUTE = OFF, IGNORE_DUP_KEY = OFF, ALLOW_ROW_LOCKS = ON, ALLOW_PAGE_LOCKS = ON)
)
GO

CREATE TABLE [directions]
(
    [direction_id]     int           NOT NULL IDENTITY (1,1),
    [name]             nvarchar(255) NOT NULL,
    [start_station_id] int           NOT NULL,
    [end_station_id]   int           NOT NULL,
    CONSTRAINT [_copy_1] PRIMARY KEY CLUSTERED ([direction_id])
        WITH (PAD_INDEX = OFF, STATISTICS_NORECOMPUTE = OFF, IGNORE_DUP_KEY = OFF, ALLOW_ROW_LOCKS = ON, ALLOW_PAGE_LOCKS = ON)
)
GO

CREATE TABLE [sitting]
(
    [sit_id]              int          NOT NULL IDENTITY (1,1),
    [index]               char(3)      NOT NULL,
    [related_carriage_id] int          NOT NULL,
    [sit_type]            nvarchar(10) NOT NULL DEFAULT N'Плацкарт',
    [price]               int          NOT NULL DEFAULT 5000,
    CONSTRAINT [_copy_6] PRIMARY KEY CLUSTERED ([sit_id])
        WITH (PAD_INDEX = OFF, STATISTICS_NORECOMPUTE = OFF, IGNORE_DUP_KEY = OFF, ALLOW_ROW_LOCKS = ON, ALLOW_PAGE_LOCKS = ON)
)
GO

CREATE TABLE [stations]
(
    [station_id]        int           NOT NULL IDENTITY (1,1),
    [related_direction] int           NOT NULL,
    [name]              nvarchar(255) NOT NULL,
    CONSTRAINT [_copy_4] PRIMARY KEY CLUSTERED ([station_id])
        WITH (PAD_INDEX = OFF, STATISTICS_NORECOMPUTE = OFF, IGNORE_DUP_KEY = OFF, ALLOW_ROW_LOCKS = ON, ALLOW_PAGE_LOCKS = ON)
)
GO

CREATE TABLE [tickets]
(
    [ticket_id]            int  NOT NULL IDENTITY (1,1),
    [related_direction_id] int  NOT NULL,
    [related_active_id]    int  NOT NULL,
    [start_date]           date NOT NULL,
    [passport_id]          int  NULL,
    [end_station_id]       int  NOT NULL,
    [sitting_id]           int  NOT NULL,
    CONSTRAINT [_copy_3]
        PRIMARY KEY CLUSTERED ([ticket_id])
            WITH (PAD_INDEX = OFF, STATISTICS_NORECOMPUTE = OFF, IGNORE_DUP_KEY = OFF, ALLOW_ROW_LOCKS = ON, ALLOW_PAGE_LOCKS = ON)
)
GO

CREATE TABLE [trains]
(
    [train_id] int           NOT NULL IDENTITY (1,1),
    [name]     nvarchar(255) NOT NULL,
    CONSTRAINT [_copy_7] PRIMARY KEY CLUSTERED ([train_id])
        WITH (PAD_INDEX = OFF, STATISTICS_NORECOMPUTE = OFF, IGNORE_DUP_KEY = OFF, ALLOW_ROW_LOCKS = ON, ALLOW_PAGE_LOCKS = ON)
)
GO

CREATE TABLE [users]
(
    [passport_id] int           NOT NULL,
    [first_name]  nvarchar(255) NOT NULL,
    [second_name] nvarchar(255) NOT NULL,
    [patronymic]  nvarchar(255) NOT NULL,
    [role]        nvarchar(255) NOT NULL,
    [username]    nvarchar(max) NOT NULL,
    [password]    nvarchar(max) NOT NULL,
    PRIMARY KEY CLUSTERED ([passport_id])
        WITH (PAD_INDEX = OFF, STATISTICS_NORECOMPUTE = OFF, IGNORE_DUP_KEY = OFF, ALLOW_ROW_LOCKS = ON, ALLOW_PAGE_LOCKS = ON)
)
GO

ALTER TABLE [active]
    ADD CONSTRAINT [fk_active_stations_1] FOREIGN KEY ([station_id]) REFERENCES [stations] ([station_id])
GO
ALTER TABLE [active]
    ADD CONSTRAINT [fk_active_directions_1] FOREIGN KEY ([main_direction_id]) REFERENCES [directions] ([direction_id])
GO
ALTER TABLE [active]
    ADD CONSTRAINT [fk_active_trains_1] FOREIGN KEY ([train_id]) REFERENCES [trains] ([train_id])
GO
ALTER TABLE [carriages]
    ADD CONSTRAINT [fk_carriages_trains_1] FOREIGN KEY ([related_train_id]) REFERENCES [trains] ([train_id])
GO
ALTER TABLE [sitting]
    ADD CONSTRAINT [fk_sitting_carriages_1] FOREIGN KEY ([related_carriage_id]) REFERENCES [carriages] ([carriage_id])
GO
ALTER TABLE [tickets]
    ADD CONSTRAINT [fk_sitting_tickets_1] FOREIGN KEY ([sitting_id]) REFERENCES [sitting] ([sit_id])
GO
ALTER TABLE [stations]
    ADD CONSTRAINT [fk_stations_directions_1] FOREIGN KEY ([related_direction]) REFERENCES [directions] ([direction_id])
GO
ALTER TABLE [tickets]
    ADD CONSTRAINT [fk_tickets_directions_1] FOREIGN KEY ([related_direction_id]) REFERENCES [directions] ([direction_id])
GO
ALTER TABLE [tickets]
    ADD CONSTRAINT [fk_tickets_active_1] FOREIGN KEY ([related_active_id]) REFERENCES [active] ([active_id])
GO
ALTER TABLE [tickets]
    ADD CONSTRAINT [fk_tickets_stations_1] FOREIGN KEY ([end_station_id]) REFERENCES [stations] ([station_id])
GO
ALTER TABLE [tickets]
    ADD CONSTRAINT [fk_users_tickets_1] FOREIGN KEY ([passport_id]) REFERENCES [users] ([passport_id])
GO


INSERT INTO trains (name)
VALUES (N'Ингушетия'),
       (N'Италмас'),
       (N'Пассажирский'),
       (N'Красная стрела'),
       (N'Скорый'),
       (N'Ласточка'),
       (N'Сапсан'),
       (N'Москва'),
       (N'Россия'),
       (N'Волга'),
       (N'Воронеж'),
       (N'Жигули'),
       (N'Тамбов'),
       (N'Вологда');

INSERT INTO carriages ([index], related_train_id)
VALUES ('A1', 1),
       ('A2', 1),
       ('A3', 1),
       ('A4', 1),
       ('A5', 1),
       ('A6', 1),
       ('A7', 1),
       ('A8', 1),
       ('A9', 1),
       ('A10', 1),
       ('A11', 1),
       ('A12', 1),
       ('A13', 1),
       ('A14', 1),
       ('A15', 1),
       ('A16', 1),
       ('A17', 1),
       ('A18', 1),
       ('A19', 1),
       ('A20', 1),
       ('A1', 2),
       ('A2', 2),
       ('A3', 2),
       ('A4', 2),
       ('A5', 2),
       ('A6', 2),
       ('A7', 2),
       ('A8', 2),
       ('A9', 2),
       ('A10', 2),
       ('A11', 2),
       ('A12', 2),
       ('A13', 2),
       ('A14', 2),
       ('A15', 2),
       ('A16', 2),
       ('A17', 2),
       ('A18', 2),
       ('A19', 2),
       ('A20', 2),
       ('A1', 3),
       ('A2', 3),
       ('A3', 3),
       ('A4', 3),
       ('A5', 3),
       ('A6', 3),
       ('A7', 3),
       ('A8', 3),
       ('A9', 3),
       ('A10', 3),
       ('A11', 3),
       ('A12', 3),
       ('A13', 3),
       ('A14', 3),
       ('A15', 3),
       ('A16', 3),
       ('A17', 3),
       ('A18', 3),
       ('A19', 3),
       ('A20', 3),
       ('A1', 4),
       ('A2', 4),
       ('A3', 4),
       ('A4', 4),
       ('A5', 4),
       ('A6', 4),
       ('A7', 4),
       ('A8', 4),
       ('A9', 4),
       ('A10', 4),
       ('A11', 4),
       ('A12', 4),
       ('A13', 4),
       ('A14', 4),
       ('A15', 4),
       ('A16', 4),
       ('A17', 4),
       ('A18', 4),
       ('A19', 4),
       ('A20', 4),
       ('A1', 5),
       ('A2', 5),
       ('A3', 5),
       ('A4', 5),
       ('A5', 5),
       ('A6', 5),
       ('A7', 5),
       ('A8', 5),
       ('A9', 5),
       ('A10', 5),
       ('A11', 5),
       ('A12', 5),
       ('A13', 5),
       ('A14', 5),
       ('A15', 5),
       ('A16', 5),
       ('A17', 5),
       ('A18', 5),
       ('A19', 5),
       ('A20', 5),
       ('A1', 6),
       ('A2', 6),
       ('A3', 6),
       ('A4', 6),
       ('A5', 6),
       ('A6', 6),
       ('A7', 6),
       ('A8', 6),
       ('A9', 6),
       ('A10', 6),
       ('A11', 6),
       ('A12', 6),
       ('A13', 6),
       ('A14', 6),
       ('A15', 6),
       ('A16', 6),
       ('A17', 6),
       ('A18', 6),
       ('A19', 6),
       ('A20', 6),
       ('A1', 7),
       ('A2', 7),
       ('A3', 7),
       ('A4', 7),
       ('A5', 7),
       ('A6', 7),
       ('A7', 7),
       ('A8', 7),
       ('A9', 7),
       ('A10', 7),
       ('A11', 7),
       ('A12', 7),
       ('A13', 7),
       ('A14', 7),
       ('A15', 7),
       ('A16', 7),
       ('A17', 7),
       ('A18', 7),
       ('A19', 7),
       ('A20', 7),
       ('A1', 8),
       ('A2', 8),
       ('A3', 8),
       ('A4', 8),
       ('A5', 8),
       ('A6', 8),
       ('A7', 8),
       ('A8', 8),
       ('A9', 8),
       ('A10', 8),
       ('A11', 8),
       ('A12', 8),
       ('A13', 8),
       ('A14', 8),
       ('A15', 8),
       ('A16', 8),
       ('A17', 8),
       ('A18', 8),
       ('A19', 8),
       ('A20', 8),
       ('A1', 9),
       ('A2', 9),
       ('A3', 9),
       ('A4', 9),
       ('A5', 9),
       ('A6', 9),
       ('A7', 9),
       ('A8', 9),
       ('A9', 9),
       ('A10', 9),
       ('A11', 9),
       ('A12', 9),
       ('A13', 9),
       ('A14', 9),
       ('A15', 9),
       ('A16', 9),
       ('A17', 9),
       ('A18', 9),
       ('A19', 9),
       ('A20', 9),
       ('A1', 10),
       ('A2', 10),
       ('A3', 10),
       ('A4', 10),
       ('A5', 10),
       ('A6', 10),
       ('A7', 10),
       ('A8', 10),
       ('A9', 10),
       ('A10', 10),
       ('A11', 10),
       ('A12', 10),
       ('A13', 10),
       ('A14', 10),
       ('A15', 10),
       ('A16', 10),
       ('A17', 10),
       ('A18', 10),
       ('A19', 10),
       ('A20', 10);

INSERT INTO sitting ([index], related_carriage_id)
VALUES ('B1', 1),
       ('B2', 1),
       ('B3', 1),
       ('B4', 1),
       ('B5', 1),
       ('B6', 1),
       ('B7', 1),
       ('B8', 1),
       ('B9', 1),
       ('B10', 1),
       ('B11', 1),
       ('B12', 1),
       ('B13', 1),
       ('B14', 1),
       ('B15', 1),
       ('B16', 1),
       ('B17', 1),
       ('B18', 1),
       ('B19', 1),
       ('B20', 1),
       ('B21', 1),
       ('B22', 1),
       ('B23', 1),
       ('B24', 1),
       ('B25', 1),
       ('B26', 1),
       ('B27', 1),
       ('B28', 1),
       ('B29', 1),
       ('B30', 1),
       ('B31', 1),
       ('B32', 1),
       ('B33', 1),
       ('B34', 1),
       ('B35', 1),
       ('B36', 1),
       ('B37', 1),
       ('B38', 1),
       ('B39', 1),
       ('B40', 1),
       ('B1', 2),
       ('B2', 2),
       ('B3', 2),
       ('B4', 2),
       ('B5', 2),
       ('B6', 2),
       ('B7', 2),
       ('B8', 2),
       ('B9', 2),
       ('B10', 2),
       ('B11', 2),
       ('B12', 2),
       ('B13', 2),
       ('B14', 2),
       ('B15', 2),
       ('B16', 2),
       ('B17', 2),
       ('B18', 2),
       ('B19', 2),
       ('B20', 2),
       ('B21', 2),
       ('B22', 2),
       ('B23', 2),
       ('B24', 2),
       ('B25', 2),
       ('B26', 2),
       ('B27', 2),
       ('B28', 2),
       ('B29', 2),
       ('B30', 2),
       ('B31', 2),
       ('B32', 2),
       ('B33', 2),
       ('B34', 2),
       ('B35', 2),
       ('B36', 2),
       ('B37', 2),
       ('B38', 2),
       ('B39', 2),
       ('B40', 2),
       ('B1', 3),
       ('B2', 3),
       ('B3', 3),
       ('B4', 3),
       ('B5', 3),
       ('B6', 3),
       ('B7', 3),
       ('B8', 3),
       ('B9', 3),
       ('B10', 3),
       ('B11', 3),
       ('B12', 3),
       ('B13', 3),
       ('B14', 3),
       ('B15', 3),
       ('B16', 3),
       ('B17', 3),
       ('B18', 3),
       ('B19', 3),
       ('B20', 3),
       ('B21', 3),
       ('B22', 3),
       ('B23', 3),
       ('B24', 3),
       ('B25', 3),
       ('B26', 3),
       ('B27', 3),
       ('B28', 3),
       ('B29', 3),
       ('B30', 3),
       ('B31', 3),
       ('B32', 3),
       ('B33', 3),
       ('B34', 3),
       ('B35', 3),
       ('B36', 3),
       ('B37', 3),
       ('B38', 3),
       ('B39', 3),
       ('B40', 3),
       ('B1', 4),
       ('B2', 4),
       ('B3', 4),
       ('B4', 4),
       ('B5', 4),
       ('B6', 4),
       ('B7', 4),
       ('B8', 4),
       ('B9', 4),
       ('B10', 4),
       ('B11', 4),
       ('B12', 4),
       ('B13', 4),
       ('B14', 4),
       ('B15', 4),
       ('B16', 4),
       ('B17', 4),
       ('B18', 4),
       ('B19', 4),
       ('B20', 4),
       ('B21', 4),
       ('B22', 4),
       ('B23', 4),
       ('B24', 4),
       ('B25', 4),
       ('B26', 4),
       ('B27', 4),
       ('B28', 4),
       ('B29', 4),
       ('B30', 4),
       ('B31', 4),
       ('B32', 4),
       ('B33', 4),
       ('B34', 4),
       ('B35', 4),
       ('B36', 4),
       ('B37', 4),
       ('B38', 4),
       ('B39', 4),
       ('B40', 4),
       ('B1', 5),
       ('B2', 5),
       ('B3', 5),
       ('B4', 5),
       ('B5', 5),
       ('B6', 5),
       ('B7', 5),
       ('B8', 5),
       ('B9', 5),
       ('B10', 5),
       ('B11', 5),
       ('B12', 5),
       ('B13', 5),
       ('B14', 5),
       ('B15', 5),
       ('B16', 5),
       ('B17', 5),
       ('B18', 5),
       ('B19', 5),
       ('B20', 5),
       ('B21', 5),
       ('B22', 5),
       ('B23', 5),
       ('B24', 5),
       ('B25', 5),
       ('B26', 5),
       ('B27', 5),
       ('B28', 5),
       ('B29', 5),
       ('B30', 5),
       ('B31', 5),
       ('B32', 5),
       ('B33', 5),
       ('B34', 5),
       ('B35', 5),
       ('B36', 5),
       ('B37', 5),
       ('B38', 5),
       ('B39', 5),
       ('B40', 5),
       ('B1', 6),
       ('B2', 6),
       ('B3', 6),
       ('B4', 6),
       ('B5', 6),
       ('B6', 6),
       ('B7', 6),
       ('B8', 6),
       ('B9', 6),
       ('B10', 6),
       ('B11', 6),
       ('B12', 6),
       ('B13', 6),
       ('B14', 6),
       ('B15', 6),
       ('B16', 6),
       ('B17', 6),
       ('B18', 6),
       ('B19', 6),
       ('B20', 6),
       ('B21', 6),
       ('B22', 6),
       ('B23', 6),
       ('B24', 6),
       ('B25', 6),
       ('B26', 6),
       ('B27', 6),
       ('B28', 6),
       ('B29', 6),
       ('B30', 6),
       ('B31', 6),
       ('B32', 6),
       ('B33', 6),
       ('B34', 6),
       ('B35', 6),
       ('B36', 6),
       ('B37', 6),
       ('B38', 6),
       ('B39', 6),
       ('B40', 6),
       ('B1', 7),
       ('B2', 7),
       ('B3', 7),
       ('B4', 7),
       ('B5', 7),
       ('B6', 7),
       ('B7', 7),
       ('B8', 7),
       ('B9', 7),
       ('B10', 7),
       ('B11', 7),
       ('B12', 7),
       ('B13', 7),
       ('B14', 7),
       ('B15', 7),
       ('B16', 7),
       ('B17', 7),
       ('B18', 7),
       ('B19', 7),
       ('B20', 7),
       ('B21', 7),
       ('B22', 7),
       ('B23', 7),
       ('B24', 7),
       ('B25', 7),
       ('B26', 7),
       ('B27', 7),
       ('B28', 7),
       ('B29', 7),
       ('B30', 7),
       ('B31', 7),
       ('B32', 7),
       ('B33', 7),
       ('B34', 7),
       ('B35', 7),
       ('B36', 7),
       ('B37', 7),
       ('B38', 7),
       ('B39', 7),
       ('B40', 7),
       ('B1', 8),
       ('B2', 8),
       ('B3', 8),
       ('B4', 8),
       ('B5', 8),
       ('B6', 8),
       ('B7', 8),
       ('B8', 8),
       ('B9', 8),
       ('B10', 8),
       ('B11', 8),
       ('B12', 8),
       ('B13', 8),
       ('B14', 8),
       ('B15', 8),
       ('B16', 8),
       ('B17', 8),
       ('B18', 8),
       ('B19', 8),
       ('B20', 8),
       ('B21', 8),
       ('B22', 8),
       ('B23', 8),
       ('B24', 8),
       ('B25', 8),
       ('B26', 8),
       ('B27', 8),
       ('B28', 8),
       ('B29', 8),
       ('B30', 8),
       ('B31', 8),
       ('B32', 8),
       ('B33', 8),
       ('B34', 8),
       ('B35', 8),
       ('B36', 8),
       ('B37', 8),
       ('B38', 8),
       ('B39', 8),
       ('B40', 8),
       ('B1', 9),
       ('B2', 9),
       ('B3', 9),
       ('B4', 9),
       ('B5', 9),
       ('B6', 9),
       ('B7', 9),
       ('B8', 9),
       ('B9', 9),
       ('B10', 9),
       ('B11', 9),
       ('B12', 9),
       ('B13', 9),
       ('B14', 9),
       ('B15', 9),
       ('B16', 9),
       ('B17', 9),
       ('B18', 9),
       ('B19', 9),
       ('B20', 9),
       ('B21', 9),
       ('B22', 9),
       ('B23', 9),
       ('B24', 9),
       ('B25', 9),
       ('B26', 9),
       ('B27', 9),
       ('B28', 9),
       ('B29', 9),
       ('B30', 9),
       ('B31', 9),
       ('B32', 9),
       ('B33', 9),
       ('B34', 9),
       ('B35', 9),
       ('B36', 9),
       ('B37', 9),
       ('B38', 9),
       ('B39', 9),
       ('B40', 9),
       ('B1', 10),
       ('B2', 10),
       ('B3', 10),
       ('B4', 10),
       ('B5', 10),
       ('B6', 10),
       ('B7', 10),
       ('B8', 10),
       ('B9', 10),
       ('B10', 10),
       ('B11', 10),
       ('B12', 10),
       ('B13', 10),
       ('B14', 10),
       ('B15', 10),
       ('B16', 10),
       ('B17', 10),
       ('B18', 10),
       ('B19', 10),
       ('B20', 10),
       ('B21', 10),
       ('B22', 10),
       ('B23', 10),
       ('B24', 10),
       ('B25', 10),
       ('B26', 10),
       ('B27', 10),
       ('B28', 10),
       ('B29', 10),
       ('B30', 10),
       ('B31', 10),
       ('B32', 10),
       ('B33', 10),
       ('B34', 10),
       ('B35', 10),
       ('B36', 10),
       ('B37', 10),
       ('B38', 10),
       ('B39', 10),
       ('B40', 10),
       ('B1', 11),
       ('B2', 11),
       ('B3', 11),
       ('B4', 11),
       ('B5', 11),
       ('B6', 11),
       ('B7', 11),
       ('B8', 11),
       ('B9', 11),
       ('B10', 11),
       ('B11', 11),
       ('B12', 11),
       ('B13', 11),
       ('B14', 11),
       ('B15', 11),
       ('B16', 11),
       ('B17', 11),
       ('B18', 11),
       ('B19', 11),
       ('B20', 11),
       ('B21', 11),
       ('B22', 11),
       ('B23', 11),
       ('B24', 11),
       ('B25', 11),
       ('B26', 11),
       ('B27', 11),
       ('B28', 11),
       ('B29', 11),
       ('B30', 11),
       ('B31', 11),
       ('B32', 11),
       ('B33', 11),
       ('B34', 11),
       ('B35', 11),
       ('B36', 11),
       ('B37', 11),
       ('B38', 11),
       ('B39', 11),
       ('B40', 11),
       ('B1', 12),
       ('B2', 12),
       ('B3', 12),
       ('B4', 12),
       ('B5', 12),
       ('B6', 12),
       ('B7', 12),
       ('B8', 12),
       ('B9', 12),
       ('B10', 12),
       ('B11', 12),
       ('B12', 12),
       ('B13', 12),
       ('B14', 12),
       ('B15', 12),
       ('B16', 12),
       ('B17', 12),
       ('B18', 12),
       ('B19', 12),
       ('B20', 12),
       ('B21', 12),
       ('B22', 12),
       ('B23', 12),
       ('B24', 12),
       ('B25', 12),
       ('B26', 12),
       ('B27', 12),
       ('B28', 12),
       ('B29', 12),
       ('B30', 12),
       ('B31', 12),
       ('B32', 12),
       ('B33', 12),
       ('B34', 12),
       ('B35', 12),
       ('B36', 12),
       ('B37', 12),
       ('B38', 12),
       ('B39', 12),
       ('B40', 12),
       ('B1', 13),
       ('B2', 13),
       ('B3', 13),
       ('B4', 13),
       ('B5', 13),
       ('B6', 13),
       ('B7', 13),
       ('B8', 13),
       ('B9', 13),
       ('B10', 13),
       ('B11', 13),
       ('B12', 13),
       ('B13', 13),
       ('B14', 13),
       ('B15', 13),
       ('B16', 13),
       ('B17', 13),
       ('B18', 13),
       ('B19', 13),
       ('B20', 13),
       ('B21', 13),
       ('B22', 13),
       ('B23', 13),
       ('B24', 13),
       ('B25', 13),
       ('B26', 13),
       ('B27', 13),
       ('B28', 13),
       ('B29', 13),
       ('B30', 13),
       ('B31', 13),
       ('B32', 13),
       ('B33', 13),
       ('B34', 13),
       ('B35', 13),
       ('B36', 13),
       ('B37', 13),
       ('B38', 13),
       ('B39', 13),
       ('B40', 13),
       ('B1', 14),
       ('B2', 14),
       ('B3', 14),
       ('B4', 14),
       ('B5', 14),
       ('B6', 14),
       ('B7', 14),
       ('B8', 14),
       ('B9', 14),
       ('B10', 14),
       ('B11', 14),
       ('B12', 14),
       ('B13', 14),
       ('B14', 14),
       ('B15', 14),
       ('B16', 14),
       ('B17', 14),
       ('B18', 14),
       ('B19', 14),
       ('B20', 14),
       ('B21', 14),
       ('B22', 14),
       ('B23', 14),
       ('B24', 14),
       ('B25', 14),
       ('B26', 14),
       ('B27', 14),
       ('B28', 14),
       ('B29', 14),
       ('B30', 14),
       ('B31', 14),
       ('B32', 14),
       ('B33', 14),
       ('B34', 14),
       ('B35', 14),
       ('B36', 14),
       ('B37', 14),
       ('B38', 14),
       ('B39', 14),
       ('B40', 14),
       ('B1', 15),
       ('B2', 15),
       ('B3', 15),
       ('B4', 15),
       ('B5', 15),
       ('B6', 15),
       ('B7', 15),
       ('B8', 15),
       ('B9', 15),
       ('B10', 15),
       ('B11', 15),
       ('B12', 15),
       ('B13', 15),
       ('B14', 15),
       ('B15', 15),
       ('B16', 15),
       ('B17', 15),
       ('B18', 15),
       ('B19', 15),
       ('B20', 15),
       ('B21', 15),
       ('B22', 15),
       ('B23', 15),
       ('B24', 15),
       ('B25', 15),
       ('B26', 15),
       ('B27', 15),
       ('B28', 15),
       ('B29', 15),
       ('B30', 15),
       ('B31', 15),
       ('B32', 15),
       ('B33', 15),
       ('B34', 15),
       ('B35', 15),
       ('B36', 15),
       ('B37', 15),
       ('B38', 15),
       ('B39', 15),
       ('B40', 15),
       ('B1', 16),
       ('B2', 16),
       ('B3', 16),
       ('B4', 16),
       ('B5', 16),
       ('B6', 16),
       ('B7', 16),
       ('B8', 16),
       ('B9', 16),
       ('B10', 16),
       ('B11', 16),
       ('B12', 16),
       ('B13', 16),
       ('B14', 16),
       ('B15', 16),
       ('B16', 16),
       ('B17', 16),
       ('B18', 16),
       ('B19', 16),
       ('B20', 16),
       ('B21', 16),
       ('B22', 16),
       ('B23', 16),
       ('B24', 16),
       ('B25', 16),
       ('B26', 16),
       ('B27', 16),
       ('B28', 16),
       ('B29', 16),
       ('B30', 16),
       ('B31', 16),
       ('B32', 16),
       ('B33', 16),
       ('B34', 16),
       ('B35', 16),
       ('B36', 16),
       ('B37', 16),
       ('B38', 16),
       ('B39', 16),
       ('B40', 16),
       ('B1', 17),
       ('B2', 17),
       ('B3', 17),
       ('B4', 17),
       ('B5', 17),
       ('B6', 17),
       ('B7', 17),
       ('B8', 17),
       ('B9', 17),
       ('B10', 17),
       ('B11', 17),
       ('B12', 17),
       ('B13', 17),
       ('B14', 17),
       ('B15', 17),
       ('B16', 17),
       ('B17', 17),
       ('B18', 17),
       ('B19', 17),
       ('B20', 17),
       ('B21', 17),
       ('B22', 17),
       ('B23', 17),
       ('B24', 17),
       ('B25', 17),
       ('B26', 17),
       ('B27', 17),
       ('B28', 17),
       ('B29', 17),
       ('B30', 17),
       ('B31', 17),
       ('B32', 17),
       ('B33', 17),
       ('B34', 17),
       ('B35', 17),
       ('B36', 17),
       ('B37', 17),
       ('B38', 17),
       ('B39', 17),
       ('B40', 17),
       ('B1', 18),
       ('B2', 18),
       ('B3', 18),
       ('B4', 18),
       ('B5', 18),
       ('B6', 18),
       ('B7', 18),
       ('B8', 18),
       ('B9', 18),
       ('B10', 18),
       ('B11', 18),
       ('B12', 18),
       ('B13', 18),
       ('B14', 18),
       ('B15', 18),
       ('B16', 18),
       ('B17', 18),
       ('B18', 18),
       ('B19', 18),
       ('B20', 18),
       ('B21', 18),
       ('B22', 18),
       ('B23', 18),
       ('B24', 18),
       ('B25', 18),
       ('B26', 18),
       ('B27', 18),
       ('B28', 18),
       ('B29', 18),
       ('B30', 18),
       ('B31', 18),
       ('B32', 18),
       ('B33', 18),
       ('B34', 18),
       ('B35', 18),
       ('B36', 18),
       ('B37', 18),
       ('B38', 18),
       ('B39', 18),
       ('B40', 18),
       ('B1', 19),
       ('B2', 19),
       ('B3', 19),
       ('B4', 19),
       ('B5', 19),
       ('B6', 19),
       ('B7', 19),
       ('B8', 19),
       ('B9', 19),
       ('B10', 19),
       ('B11', 19),
       ('B12', 19),
       ('B13', 19),
       ('B14', 19),
       ('B15', 19),
       ('B16', 19),
       ('B17', 19),
       ('B18', 19),
       ('B19', 19),
       ('B20', 19),
       ('B21', 19),
       ('B22', 19),
       ('B23', 19),
       ('B24', 19),
       ('B25', 19),
       ('B26', 19),
       ('B27', 19),
       ('B28', 19),
       ('B29', 19),
       ('B30', 19),
       ('B31', 19),
       ('B32', 19),
       ('B33', 19),
       ('B34', 19),
       ('B35', 19),
       ('B36', 19),
       ('B37', 19),
       ('B38', 19),
       ('B39', 19),
       ('B40', 19),
       ('B1', 20),
       ('B2', 20),
       ('B3', 20),
       ('B4', 20),
       ('B5', 20),
       ('B6', 20),
       ('B7', 20),
       ('B8', 20),
       ('B9', 20),
       ('B10', 20),
       ('B11', 20),
       ('B12', 20),
       ('B13', 20),
       ('B14', 20),
       ('B15', 20),
       ('B16', 20),
       ('B17', 20),
       ('B18', 20),
       ('B19', 20),
       ('B20', 20),
       ('B21', 20),
       ('B22', 20),
       ('B23', 20),
       ('B24', 20),
       ('B25', 20),
       ('B26', 20),
       ('B27', 20),
       ('B28', 20),
       ('B29', 20),
       ('B30', 20),
       ('B31', 20),
       ('B32', 20),
       ('B33', 20),
       ('B34', 20),
       ('B35', 20),
       ('B36', 20),
       ('B37', 20),
       ('B38', 20),
       ('B39', 20),
       ('B40', 20);

INSERT INTO directions (name, start_station_id, end_station_id)
VALUES (N'Москва - Санкт-Питербург', 1, 2),
       (N'Воронеж - Калининград', 3, 4),
       (N'Воронеж - Калининград', 5, 6),
       (N'Самара - Нижний Новгород', 7, 8),
       (N'Саратов - Саров', 9, 10),
       (N'Анапа - Екатеринбург', 11, 12);

INSERT INTO stations (related_direction, name)
VALUES (1, N'Москва'),
       (1, N'Торжок'),
       (1, N'Бологое'),
       (1, N'Окуловка'),
       (1, N'Любань'),
       (1, N'Санкт-Питербург'),

       (2, N'Воронеж'),
       (2, N'Ступино'),
       (2, N'Домодедово'),
       (2, N'Кашира'),
       (2, N'Венёв'),
       (2, N'Калининград'),

       (3, N'Самара'),
       (3, N'Ядрин'),
       (3, N'Канаш'),
       (3, N'Ульяновск'),
       (3, N'Димитровград'),
       (3, N'Нижний Новгород'),

       (4, N'Саратов'),
       (4, N'Инсар'),
       (4, N'Ковылкино'),
       (4, N'Краснослободск'),
       (4, N'Пенза'),
       (4, N'Саров'),

       (5, N'Анапа'),
       (5, N'Колпино'),
       (5, N'Пушкин'),
       (5, N'Любань'),
       (5, N'Окуловка'),
       (5, N'Екатеринбург');

INSERT INTO active (station_id, start_date_time, main_direction_id, train_id, main_start_date_time)
VALUES (1, '01-01-2000 00:10:00', 1, 1, '01-01-2000 00:00:00'),
       (2, '02-01-2000 00:10:00', 1, 1, '01-01-2000 00:00:00'),
       (3, '03-01-2000 00:10:00', 1, 1, '01-01-2000 00:00:00'),
       (4, '04-01-2000 00:10:00', 1, 1, '01-01-2000 00:00:00'),
       (5, '05-01-2000 00:10:00', 1, 1, '01-01-2000 00:00:00'),
       (6, '06-01-2000 00:10:00', 1, 1, '01-01-2000 00:00:00'),

       (7, '01-01-2000 00:10:00', 2, 2, '01-01-2000 00:00:00'),
       (8, '02-01-2000 00:10:00', 2, 2, '01-01-2000 00:00:00'),
       (9, '03-01-2000 00:10:00', 2, 2, '01-01-2000 00:00:00'),
       (10, '04-01-2000 00:10:00', 2, 2, '01-01-2000 00:00:00'),
       (11, '05-01-2000 00:10:00', 2, 2, '01-01-2000 00:00:00'),
       (12, '06-01-2000 00:10:00', 2, 2, '01-01-2000 00:00:00'),

       (13, '01-01-2000 00:10:00', 3, 3, '01-01-2000 00:00:00'),
       (14, '02-01-2000 00:10:00', 3, 3, '01-01-2000 00:00:00'),
       (15, '03-01-2000 00:10:00', 3, 3, '01-01-2000 00:00:00'),
       (16, '04-01-2000 00:10:00', 3, 3, '01-01-2000 00:00:00'),
       (17, '05-01-2000 00:10:00', 3, 3, '01-01-2000 00:00:00'),
       (18, '06-01-2000 00:10:00', 3, 3, '01-01-2000 00:00:00'),

       (19, '01-01-2000 00:10:00', 4, 4, '01-01-2000 00:00:00'),
       (20, '02-01-2000 00:10:00', 4, 4, '01-01-2000 00:00:00'),
       (21, '03-01-2000 00:10:00', 4, 4, '01-01-2000 00:00:00'),
       (22, '04-01-2000 00:10:00', 4, 4, '01-01-2000 00:00:00'),
       (23, '05-01-2000 00:10:00', 4, 4, '01-01-2000 00:00:00'),
       (24, '06-01-2000 00:10:00', 4, 4, '01-01-2000 00:00:00'),

       (25, '01-01-2000 00:10:00', 5, 5, '01-01-2000 00:00:00'),
       (26, '02-01-2000 00:10:00', 5, 5, '01-01-2000 00:00:00'),
       (27, '03-01-2000 00:10:00', 5, 5, '01-01-2000 00:00:00'),
       (28, '04-01-2000 00:10:00', 5, 5, '01-01-2000 00:00:00'),
       (29, '05-01-2000 00:10:00', 5, 5, '01-01-2000 00:00:00'),
       (30, '06-01-2000 00:10:00', 5, 5, '01-01-2000 00:00:00')

-- default users
INSERT INTO [users]
VALUES (0, 'admin', 'admin', 'admin', 'Administrator', 'admin',
        'AQAAAAEAACcQAAAAEHXqg4aVPN8q9c4JLMGDhl2g09SVHUtWB/ZJXjAjml4tn559tlzQ3RSA+3g3JzC4FQ=='), -- admin - password = admin (hashed)
       (1, 'moderator', 'moderator', 'moderator', 'Moderator', 'moderator',
        'AQAAAAEAACcQAAAAEF3jw4jSnLt3n0Hu1VYYUCJsChDyNdX8+s/Nic7J+YmFnEcfHiK6+K/jbyrLW31l6w==') -- moderator - password = moderator (hashed)